id,officer_name,officer_position,position_short_name,update_date,officer_own_percent,quantity,symbol
3,Đỗ Thị Nga,Phó Chủ tịch Hội đồng Quản trị/Tổng Giám đốc,Phó Chủ tịch HĐQT/TGĐ,2023-01-10,0.0603,180967,DPP
5,Trần Thị Mỹ Lệ,Thành viên Ban kiểm soát,TV BKS,2023-05-15,0.0033,10000,DPP
7,Phạm Thị Thanh Thùy,Phụ trách Công bố thông tin/Kế toán trưởng,Phụ trách CBTT/Kế toán trưởng,2024-04-23,0.0015,4414,DPP
8,Mai Thị Thế,Thành viên Ban kiểm soát,TV BKS,2024-04-23,0.00098,2994,DPP
6,Nguyễn Văn Khoa,Người phụ trách quản trị công ty,Người phụ trách quản trị công ty,2024-04-23,0.000179,540,DPP
1,Nguyễn Văn Phước,Giám đốc,GĐ,2015-09-14,0.0,0,DPP
11,TRẦN TRUNG TUẤN,Chủ tịch Hội đồng Quản trị,Chủ tịch HĐQT,2024-12-05,0.0,0,DPP
2,Nguyễn Văn Khoa,Phó Tổng Giám đốc,Phó TGĐ,2019-12-12,0.0,0,DPP
4,Lê Đình Sơn,Trưởng Ban kiểm soát,Trưởng BKS,2023-01-10,0.0,0,DPP
9,Nguyễn Minh Trung,Thành viên Hội đồng Quản trị,TV HĐQT,2024-04-26,0.0,0,DPP
10,Nguyễn Thị Thùy Vân,Thành viên Hội đồng Quản trị,TV HĐQT,2024-04-26,0.0,0,DPP
6,Hoàng Thị Thúy,Thành viên Ban kiểm soát,TV BKS,2024-03-07,0.04997,599640,CLH
9,Nguyễn Văn Dũng,Thành viên Hội đồng Quản trị/Giám đốc,TV HĐQT/GĐ,2026-01-27,0.0052,62760,CLH
8,Lê Thị Thu Hiền,Thành viên Hội đồng Quản trị,TV HĐQT,2026-01-27,0.0038,45600,CLH
7,Lê Bá Chức,Phó Giám đốc,Phó GĐ,2024-03-07,0.00157,18840,CLH
11,Phạm Trung Hợp,Người phụ trách quản trị công ty,Người phụ trách quản trị công ty,2026-01-29,0.00074,8880,CLH
10,Trần Quang Khải,Phó Giám đốc,Phó GĐ,2026-01-29,0.0004,4920,CLH
1,Lê Thị Hồng Cẩm,Thành viên Ban kiểm soát,TV BKS,2018-04-13,0.0,0,CLH
13,Nguyễn Thị Thu Hoài,Trưởng Ban kiểm soát,Trưởng BKS,2026-01-29,0.0,0,CLH
2,Hà Văn Chuyển,Thành viên Hội đồng Quản trị,TV HĐQT,2018-08-08,0.0,0,CLH
3,Trịnh Thị Bình,Kế toán trưởng,Kế toán trưởng,2021-04-26,0.0,0,CLH
4,Đỗ Huy Hùng,Chủ tịch Hội đồng Quản trị,Chủ tịch HĐQT,2024-03-07,0.0,0,CLH
5,Trịnh Quốc Bình,Thành viên Hội đồng Quản trị,TV HĐQT,2024-03-07,0.0,0,CLH
12,Trần Thu Hương,Thành viên Ban kiểm soát,TV BKS,2026-01-29,0.0,0,CLH
10,NGUYỄN THỊ HỒNG NGỌC,Chủ tịch Hội đồng Quản trị,Chủ tịch HĐQT,2025-08-11,0.15281869,4004766,SDA
3,Nguyễn Sĩ Hiển,Tổng Giám đốc/Thành viên Hội đồng Quản trị,TGĐ/TV HĐQT,2020-10-20,0.0247,646722,SDA
2,Nguyễn Thị Minh Thu,Phó Tổng Giám đốc,Phó TGĐ,2016-12-13,0.0186,486300,SDA
8,NGUYỄN NGỌC THẠCH,Phó Tổng Giám đốc,Phó TGĐ,2023-10-04,5.34e-06,140,SDA
7,Vũ Đức Quân,Thành viên Hội đồng Quản trị,TV HĐQT,2023-08-29,0.0,0,SDA
9,Trần Thị Thúy,Thành viên Ban kiểm soát,TV BKS,2024-07-01,0.0,0,SDA
11,NGUYỄN NGỌC QUYỀN,Thành viên Hội đồng Quản trị/Phó Tổng Giám đốc,TV HĐQT/Phó TGĐ,2025-08-11,0.0,0,SDA
12,Nguyễn Thị Hồng Dịu,Thành viên Ban kiểm soát,TV BKS,2025-08-11,0.0,0,SDA
13,Võ Kim Sơn,Người phụ trách quản trị công ty,Người phụ trách quản trị công ty,2025-08-11,0.0,0,SDA
1,Nguyễn Thị Hường,Trưởng Ban kiểm soát,Trưởng BKS,2016-04-20,0.0,0,SDA
14,Phạm Thị Hiếu,Kế toán trưởng,Kế toán trưởng,2025-08-11,0.0,0,SDA
4,Trần Mạnh Hòa,Thành viên Hội đồng Quản trị độc lập,Thành viên HĐQT độc lập,2021-09-01,0.0,0,SDA
5,Nhữ Ngọc Quang,Trưởng Ban Kiểm toán nội bộ ,Trưởng BKT nội bộ ,2022-11-21,0.0,0,SDA
6,Trịnh Hữu Thảo,Thành viên Hội đồng Quản trị/Giám đốc điều hành,TV HĐQT/GĐ Điều hành,2022-11-24,0.0,0,SDA
2,Lê Thị Giang,Thành viên Hội đồng Quản trị/Tổng Giám đốc/Phụ trách Công bố thông tin,TV HĐQT/TGĐ/Phụ trách CBTT,2021-05-21,0.012,106300,DND
7,Trương Cường,Chủ tịch Hội đồng Quản trị,Chủ tịch HĐQT,2026-01-27,0.0015,18600,DND
1,Trần Thị Quy,Trưởng Ban kiểm soát,Trưởng BKS,2016-11-03,0.0006,5246,DND
6,Phạm Thái Hoài Hương,Phụ trách Công bố thông tin/Kế toán trưởng,Phụ trách CBTT/Kế toán trưởng,2025-12-23,0.0003,3000,DND
4,Nguyễn Tiến Toản,Phó Tổng Giám đốc/Thành viên Hội đồng Quản trị,Phó TGĐ/TV HĐQT,2025-01-22,0.0001,2000,DND
5,Lê Thị Yến,Thành viên Ban kiểm soát,TV BKS,2025-04-16,0.0,0,DND
3,Trần Tiến Bình,Thành viên Hội đồng Quản trị,TV HĐQT,2022-03-29,0.0,0,DND
8,Trần Anh Điền,Thành viên Hội đồng Quản trị,TV HĐQT,2026-01-27,0.0,0,DND
9,Nguyễn Thị Liên,Thành viên Ban kiểm soát,TV BKS,2026-01-27,0.0,0,DND
10,Hoàng Thị Liên,Người phụ trách quản trị công ty/Thư ký Hội đồng Quản Trị,Người phụ trách quản trị công ty/Thư ký HĐQT,2026-01-27,0.0,0,DND
2,Phạm Thứ Triệu,Tổng Giám đốc,TGĐ,2018-08-24,0.126,1790913,DBT
4,Lê Văn Minh,Thành viên Ban Kiểm toán nội bộ/Chủ tịch Hội đồng Quản trị,Thành viên BKT nội bộ/Chủ tịch HĐQT,2019-05-16,0.107,1525962,DBT
7,Nguyễn Khắc Hanh,Phó Tổng Giám đốc/Kế toán trưởng,Phó TGĐ/Kế toán trưởng,2026-01-23,0.0637,1399779,DBT
5,Hoàng Xuân An,Phó Tổng Giám đốc,Phó TGĐ,2025-08-22,0.0149,305193,DBT
3,Nguyễn Hoàng Sơn,Thành viên Hội đồng Quản trị,TV HĐQT,2018-08-24,0.0,0,DBT
1,Nguyễn Thị Cấp Tiến,Phụ trách Công bố thông tin,Phụ trách CBTT,2015-09-14,0.0,0,DBT
6,Trần Nguyễn Gia Bảo,Thành viên Hội đồng Quản trị độc lập/Thành viên Ban Kiểm toán nội bộ,Thành viên HĐQT độc lập/Thành viên BKT nội bộ,2025-08-22,0.0,0,DBT
8,PHẠM HỮU TẤN,Chủ tịch Hội đồng Quản trị,Chủ tịch HĐQT,2025-06-16,0.0021,52600,CCR
7,Nguyễn Viết Nhâm,Tổng Giám đốc/Thành viên Hội đồng Quản trị,TGĐ/TV HĐQT,2025-02-11,0.0005,11400,CCR
4,NGUYỄN THỊ THU THỦY,Phó Tổng Giám đốc,Phó TGĐ,2024-01-30,0.0003,7600,CCR
6,Nguyễn Huy Phương,Kế toán trưởng,Kế toán trưởng,2024-05-04,0.0002,4000,CCR
2,Phan Thị Kim Yến,Người phụ trách quản trị công ty,Người phụ trách quản trị công ty,2023-06-01,0.0001,2000,CCR
11,Nguyễn Văn Tài,Thành viên Hội đồng Quản trị,TV HĐQT,2025-08-05,0.0,0,CCR
1,Kiều Phương Ngọc,Thành viên Hội đồng Quản trị,TV HĐQT,2021-05-12,0.0,0,CCR
12,Trần Thị Thanh Thủy,Thành viên Ban kiểm soát,TV BKS,2025-08-05,0.0,0,CCR
3,NGUYỄN VĂN THẮNG,Phó Tổng Giám đốc,Phó TGĐ,2023-09-11,0.0,0,CCR
5,Bùi Thị Ngân Hoa,Thành viên Ban kiểm soát,TV BKS,2024-04-25,0.0,0,CCR
9,Dương Thị Hồng Hạnh,Trưởng Ban kiểm soát,Trưởng BKS,2025-07-30,0.0,0,CCR
10,Nguyễn Thị Yến,Thành viên Hội đồng Quản trị,TV HĐQT,2025-08-05,0.0,0,CCR
8,Trần Thanh Hà,Phó Tổng Giám đốc,Phó TGĐ,2026-01-23,0.0006,13690,NOS
2,Trịnh Hữu Lương,Chủ tịch Hội đồng Quản trị/Phụ trách Công bố thông tin,Chủ tịch HĐQT/Phụ trách CBTT,2015-09-14,0.000519,10400,NOS
3,Đồng Xuân Khanh,Thành viên Ban kiểm soát,TV BKS,2024-04-26,1e-05,267,NOS
4,PHẠM VĂN TƯỞNG,Tổng Giám đốc,TGĐ,2025-07-31,1e-05,200,NOS
5,Lê Thị Thúy,Thành viên Ban kiểm soát,TV BKS,2025-07-31,1e-06,200,NOS
9,Hoàng Thị Thu Thảo,Kế toán trưởng,Kế toán trưởng,2026-01-23,5e-07,100,NOS
12,Dương Thị Hồng Hạnh,Trưởng Ban kiểm soát,Trưởng BKS,2026-02-09,0.0,0,NOS
6,Nguyễn Thị Thu Hoài,Thành viên Hội đồng Quản trị,TV HĐQT,2025-07-31,0.0,0,NOS
7,Đỗ Tuấn Nam,Thành viên Hội đồng Quản trị,TV HĐQT,2025-07-31,0.0,0,NOS
10,Lê Thế Việt,Phó Tổng Giám đốc,Phó TGĐ,2026-01-23,0.0,0,NOS
11,Nguyễn Văn Hoài,Phó Tổng Giám đốc,Phó TGĐ,2026-01-23,0.0,0,NOS
1,Nguyễn Công Thanh,Phó Tổng Giám đốc,Phó TGĐ,2015-09-14,0.0,0,NOS
5,Nguyễn Đình Tú,Chủ tịch Hội đồng Quản trị,Chủ tịch HĐQT,2025-08-06,0.2246521,11300000,WSS
4,Ngô Tiến Minh,Thành viên Hội đồng Quản trị độc lập,Thành viên HĐQT độc lập,2024-07-26,0.025845,1300000,WSS
3,Đỗ Xuân Hân,Kế toán trưởng,Kế toán trưởng,2023-08-23,0.0,0,WSS
6,Phạm Đức Long,Phó Tổng Giám đốc/Phó Chủ tịch Hội đồng Quản trị,Phó TGĐ/Phó Chủ tịch HĐQT,2025-08-06,0.0,0,WSS
7,Nguyễn Đăng Trường,Tổng Giám đốc,TGĐ,2025-08-06,0.0,0,WSS
8,Nguyễn Viết Thắng,Phụ trách Công bố thông tin/Thành viên Hội đồng Quản trị,Phụ trách CBTT/TV HĐQT,2025-08-06,0.0,0,WSS
9,Trần Đình Tùng,Trưởng Ban kiểm soát,Trưởng BKS,2025-08-06,0.0,0,WSS
1,Nguyễn Văn Thư,Thành viên Hội đồng Quản trị độc lập,Thành viên HĐQT độc lập,2023-05-09,0.0,0,WSS
10,Trịnh Công Thắng,Thành viên Ban kiểm soát,TV BKS,2025-08-06,0.0,0,WSS
2,Đoàn Văn Hưng,Thành viên Ban kiểm soát,TV BKS,2023-05-09,0.0,0,WSS
3,Trần Văn Huyến,Tổng Giám đốc/Phó Chủ tịch Hội đồng Quản trị,TGĐ/Phó Chủ tịch HĐQT,2026-01-22,0.57724,1731715,DPH
1,Nguyễn Văn Vẻ,Phó Giám đốc,Phó GĐ,2017-01-16,0.0269,80729,DPH
4,Nguyễn Thị Hường,Thành viên Ban kiểm soát,TV BKS,2026-01-22,0.0125,37495,DPH
2,VŨ PHÚ ĐỊNH,Trưởng Ban kiểm soát,Trưởng BKS,2024-12-09,0.0096,28884,DPH
5,Trần Đức Hạnh,Phó Giám đốc/Chủ tịch Hội đồng Quản trị,Phó GĐ/Chủ tịch HĐQT,2026-01-22,0.005,15000,DPH
6,Nguyễn Xuân Trường,Thành viên Ban kiểm soát,TV BKS,2026-01-22,0.0016,4829,DPH
7,Trần Anh Tuấn,Kế toán trưởng/Thành viên Hội đồng Quản trị,Kế toán trưởng/TV HĐQT,2026-01-22,3e-06,626,DPH
5,Phạm Duy Hưng,Chủ tịch Hội đồng Quản trị,Chủ tịch HĐQT,2023-07-28,0.0034,41551,DSN
6,Đặng Ngọc Thiên Tử,Trưởng Ban kiểm soát,Trưởng BKS,2023-07-28,0.0023,27885,DSN
1,Đặng Ngọc Nghĩa,Phụ trách Công bố thông tin,Phụ trách CBTT,2016-09-12,0.0016,19134,DSN
11,Nguyễn Quang Trường,Phó Tổng Giám đốc/Người phụ trách quản trị công ty,Phó TGĐ/Người phụ trách quản trị công ty,2025-07-29,0.0013018,15730,DSN
12,Vũ Ngọc Tuấn,Tổng Giám đốc,TGĐ,2025-07-29,0.0006248,7550,DSN
13,Trần Thị Châu Dân,Kế toán trưởng,Kế toán trưởng,2025-07-29,8.9e-05,1075,DSN
7,Nguyễn Quốc Anh,Phó Chủ tịch Hội đồng Quản trị,Phó Chủ tịch HĐQT,2023-11-02,0.0,0,DSN
8,Lê Khắc Lân,Thành viên Hội đồng Quản trị,TV HĐQT,2023-12-22,0.0,0,DSN
9,Trần Việt Anh,Thành viên Hội đồng Quản trị,TV HĐQT,2025-07-29,0.0,0,DSN
10,Bùi Thị Kim Tuyền,Thành viên Ban kiểm soát,TV BKS,2025-07-29,0.0,0,DSN
4,Nguyễn Thị Nguyên,Thành viên Ban kiểm soát,TV BKS,2023-03-30,0.0,0,DSN
3,Phương Xuân Thụy,Thành viên Hội đồng Quản trị,TV HĐQT,2023-03-30,0.0,0,DSN
2,Lê Thị Lan Hương,Thành viên Hội đồng Quản trị độc lập,Thành viên HĐQT độc lập,2023-03-30,0.0,0,DSN
8,Từ Trung Đan,Thành viên Hội đồng Quản trị/Tổng Giám đốc,TV HĐQT/TGĐ,2025-08-08,0.0662,375190,STC
2,Từ Văn Sơn,Tổng Giám đốc,TGĐ,2015-09-14,0.0047533063,26930,STC
1,Ngô Trần Vinh,Tổng Giám đốc,TGĐ,2015-09-14,0.001473825,8350,STC
3,Đỗ Thành Lâm,Thành viên Hội đồng Quản trị,TV HĐQT,2025-04-23,0.00086,4895,STC
5,Nguyễn Thị Nhớ,Thành viên Ban kiểm soát,TV BKS,2025-04-23,0.0007,4000,STC
11,Đỗ Thị Thanh Bình,Phó Tổng Giám đốc,Phó TGĐ,2025-08-08,0.0005,3320,STC
7,Phạm Nhật Quyên,Người phụ trách quản trị công ty,Người phụ trách quản trị công ty,2025-07-23,0.0003,1800,STC
6,Bùi Thị Ánh Tuyết,Trưởng Ban kiểm soát,Trưởng BKS,2025-04-23,0.0,0,STC
9,Nguyễn Văn Cung,Thành viên Hội đồng Quản trị,TV HĐQT,2025-08-08,0.0,0,STC
10,Đào Thị Thanh Thủy,Thành viên Ban kiểm soát,TV BKS,2025-08-08,0.0,0,STC
4,Nguyễn Chí Bính,Chủ tịch Hội đồng Quản trị,Chủ tịch HĐQT,2025-04-23,0.0,0,STC
12,Phan Xuân Hiến,Phó Tổng Giám đốc,Phó TGĐ,2025-08-08,0.0,70,STC
13,Huỳnh Thị Bích Hạnh,Phụ trách Công bố thông tin/Kế toán trưởng/Thành viên Hội đồng Quản trị,Phụ trách CBTT/Kế toán trưởng/TV HĐQT,2025-08-08,0.0,0,STC
4,Vũ Ngọc Thuân,Thành viên Hội đồng Quản trị,TV HĐQT,2023-06-20,0.005,10000,CFM
1,Nguyễn Trọng Giang,Thành viên Ban kiểm soát,TV BKS,2021-01-11,0.005,10000,CFM
7,Nguyễn Quốc Trung,Chủ tịch Hội đồng Quản trị,Chủ tịch HĐQT,2025-10-17,5e-05,100,CFM
6,Trần Thùy Linh,Giám đốc/Phó Chủ tịch Hội đồng Quản trị,GĐ/Phó Chủ tịch HĐQT,2025-10-17,5e-05,100,CFM
3,Đỗ Thị Minh Hiếu,Trưởng Ban kiểm soát,Trưởng BKS,2023-06-20,0.0,0,CFM
5,Lương Thị Nhị Hà,Kế toán trưởng,Kế toán trưởng,2025-04-18,0.0,0,CFM
2,Nguyễn Thị Thu Cúc,Thành viên Ban kiểm soát,TV BKS,2021-01-11,0.0,0,CFM
1,Hứa Thị Anh Đào,Phó Giám đốc,Phó GĐ,2015-09-14,0.0,0,DST
2,Phạm Minh Đức,Thành viên Ban kiểm soát,TV BKS,2015-09-14,0.0,0,DST
3,Ngô Quang Hòa,Thành viên Hội đồng Quản trị,TV HĐQT,2018-03-28,0.0,0,DST
4,Hà Tuấn Sơn,Thành viên Ban kiểm soát,TV BKS,2022-08-10,0.0,0,DST
5,Bùi Việt Dũng,Tổng Giám đốc/Thành viên Hội đồng Quản trị,TGĐ/TV HĐQT,2025-04-21,0.0,0,DST
6,Phạm Thị Nhài,Trưởng phòng Tài chính - Kế toán/Người phụ trách quản trị công ty,Trưởng phòng Tài chính - Kế toán/Người phụ trách quản trị công ty,2025-08-22,0.0,0,DST
7,Nguyễn Đức Hiếu,Chủ tịch Hội đồng Quản trị,Chủ tịch HĐQT,2025-08-22,0.0,0,DST
8,Nguyễn Thị Lan Hương,Trưởng Ban kiểm soát,Trưởng BKS,2025-08-22,0.0,0,DST
4,Nguyễn Văn Bình,Chủ tịch Hội đồng Quản trị,Chủ tịch HĐQT,2025-08-04,0.2579,22800880,VPG
5,Lê Thị Thanh Lệ,Phụ trách Công bố thông tin/Thành viên Hội đồng Quản trị,Phụ trách CBTT/TV HĐQT,2025-08-04,0.0453,4002075,VPG
8,Nguyễn Văn Đức,Tổng Giám đốc/Thành viên Hội đồng Quản trị,TGĐ/TV HĐQT,2025-08-04,0.0337,2977157,VPG
9,Nguyễn Thị Mai Hoa,Kế toán trưởng,Kế toán trưởng,2025-09-05,3.19e-05,2961,VPG
3,Phạm Thị Thu Trang,Thành viên Ban Kiểm toán nội bộ,Thành viên BKT nội bộ,2021-01-28,0.0,0,VPG
6,Nguyễn Khôi,Thành viên Hội đồng Quản trị độc lập/Trưởng Ban Kiểm toán nội bộ ,Thành viên HĐQT độc lập/Trưởng BKT nội bộ ,2025-08-04,0.0,0,VPG
7,Hoàng Trung Kiên,Người phụ trách quản trị công ty,Người phụ trách quản trị công ty,2025-08-04,0.0,0,VPG
2,Trần Thị Vân,Thành viên Ban Kiểm toán nội bộ,Thành viên BKT nội bộ,2018-04-18,0.0,0,VPG
1,Nguyễn Quang Khải,Thành viên Hội đồng Quản trị độc lập/Thành viên Ban Kiểm toán nội bộ,Thành viên HĐQT độc lập/Thành viên BKT nội bộ,2018-04-18,0.0,0,VPG
1,Vũ Đức Thắng,Thành viên Hội đồng Quản trị,TV HĐQT,2018-09-28,0.002051,11900,MBN
3,NGÔ MINH CHÂU,Chủ tịch Hội đồng Quản trị,Chủ tịch HĐQT,2024-03-21,0.0015,8600,MBN
8,Đặng Thị Thủy,Kế toán trưởng,Kế toán trưởng,2025-02-19,0.0012,6700,MBN
2,Nguyễn Văn Cảnh,Trưởng Ban kiểm soát,Trưởng BKS,2018-09-28,0.001068,6200,MBN
5,NGUYỄN ĐÌNH THU,Phó Giám đốc/Thành viên Hội đồng Quản trị,Phó GĐ/TV HĐQT,2025-02-19,0.001,6000,MBN
6,Nguyễn Thế Công,Giám đốc,GĐ,2025-02-19,0.0008,4400,MBN
4,Nguyễn Thế Tuân,Người phụ trách quản trị công ty,Người phụ trách quản trị công ty,2024-05-13,0.0006,3200,MBN
9,Phạm Nhật Quang,Phó Giám đốc,Phó GĐ,2025-02-19,0.0003,1500,MBN
10,NGHIÊM THỊ OANH,Thành viên Ban kiểm soát,TV BKS,2025-02-19,0.0001,600,MBN
12,Vũ Văn Cường,Thành viên Hội đồng Quản trị,TV HĐQT,2025-03-06,0.0,0,MBN
7,VŨ ĐĂNG THÀNH,Phó Chủ tịch Hội đồng Quản trị,Phó Chủ tịch HĐQT,2025-02-19,0.0,0,MBN
11,Vũ Thị Nhuận,Thành viên Ban kiểm soát,TV BKS,2025-02-19,0.0,0,MBN
5,Hồ Xuân Năng,Chủ tịch Hội đồng Quản trị,Chủ tịch HĐQT,2026-02-02,0.0374,5983581,VCS
6,Phạm Trí Dũng,Phó Tổng Giám đốc,Phó TGĐ,2026-02-02,0.0022,353391,VCS
9,Lưu Công An,Phó Tổng Giám đốc,Phó TGĐ,2026-02-02,0.0013,206261,VCS
4,Phạm Anh Tuấn,Tổng Giám đốc/Thành viên Hội đồng Quản trị/Phụ trách Công bố thông tin,TGĐ/TV HĐQT/Phụ trách CBTT,2024-04-24,0.0001,19842,VCS
10,Nguyễn Chí Công,Phó Tổng Giám đốc,Phó TGĐ,2026-02-02,0.0001,8975,VCS
1,Phạm Thị Bích Thủy,Phó Tổng Giám đốc,Phó TGĐ,2020-06-10,0.0,0,VCS
11,Đồng Quang Thức,Phó Tổng Giám đốc,Phó TGĐ,2026-02-02,0.0,10,VCS
2,Nguyễn Thị Nga,Kế toán trưởng,Kế toán trưởng,2022-09-06,0.0,0,VCS
3,Nguyễn Diệu Thúy Ngọc,Thành viên Ban Kiểm toán nội bộ/Thành viên Hội đồng Quản trị độc lập,Thành viên BKT nội bộ/Thành viên HĐQT độc lập,2024-02-05,0.0,0,VCS
7,Trần Lan Phương,Thành viên Hội đồng Quản trị,TV HĐQT,2026-02-02,0.0,0,VCS
8,Nguyễn Quang Hưng,Trưởng Ban Kiểm toán nội bộ /Thành viên Hội đồng Quản trị độc lập,Trưởng BKT nội bộ /Thành viên HĐQT độc lập,2026-02-02,0.0,0,VCS
5,Nguyễn Anh Tuấn,Thành viên Hội đồng Quản trị/Tổng Giám đốc,TV HĐQT/TGĐ,2025-08-13,0.0012591,564500,VGC
6,Nguyễn Minh Khoa,Phó Tổng Giám đốc,Phó TGĐ,2025-10-01,0.0002275,102000,VGC
7,Quách  Hữu Thuận,Phó Tổng Giám đốc,Phó TGĐ,2025-12-12,2.01e-05,9000,VGC
4,Nguyễn Văn Tuấn,Chủ tịch Hội đồng Quản trị,Chủ tịch HĐQT,2025-06-12,0.0,0,VGC
8,Trần Thị Minh Loan,Giám đốc Tài chính,GĐ Tài chính,2026-02-03,0.0,0,VGC
9,Nguyễn  Trọng Hiền,Thành viên Hội đồng Quản trị độc lập,Thành viên HĐQT độc lập,2026-02-03,0.0,0,VGC
10,Trần Ngọc Anh,Phó Tổng Giám đốc/Thành viên Hội đồng Quản trị,Phó TGĐ/TV HĐQT,2026-02-03,0.0,0,VGC
11,Nguyễn Thị Cẩm Vân,Thành viên Ban kiểm soát,TV BKS,2026-02-03,0.0,0,VGC
12,Ngô Trọng Toán,Kế toán trưởng,Kế toán trưởng,2026-02-03,0.0,0,VGC
13,Nguyễn Anh Tuấn,Người phụ trách quản trị công ty/Phụ trách Công bố thông tin/Phó Tổng Giám đốc,Người phụ trách quản trị công ty/Phụ trách CBTT/Phó TGĐ,2026-02-03,0.0,0,VGC
14,Trần Mạnh Hữu,Trưởng Ban kiểm soát,Trưởng BKS,2026-02-04,0.0,0,VGC
1,Đỗ Thị Phương Lan,Thành viên Hội đồng Quản trị,TV HĐQT,2019-06-27,0.0,0,VGC
15,Lương Thanh Tùng,Phó Tổng Giám đốc,Phó TGĐ,2026-02-06,0.0,0,VGC
2,Nguyễn Thị Thanh Yến,Thành viên Ban kiểm soát,TV BKS,2019-06-27,0.0,0,VGC
3,HOÀNG KIM BỒNG,Phó Tổng Giám đốc,Phó TGĐ,2024-07-01,0.0,0,VGC
9,Nguyễn Văn Chuyền,Thành viên Hội đồng Quản trị,TV HĐQT,2026-02-02,0.00951,3630000,HT1
1,Phạm Đình Nhật Cường,Phó Tổng Giám đốc,Phó TGĐ,2015-09-14,6e-06,2268,HT1
3,Trần Thị Bích Thủy,Thành viên Ban kiểm soát,TV BKS,2024-02-01,0.0,3924,HT1
4,Nguyễn Thanh Phúc,Phó Tổng Giám đốc,Phó TGĐ,2024-08-02,0.0,0,HT1
5,Lưu Đình Cường,Tổng Giám đốc/Thành viên Hội đồng Quản trị,TGĐ/TV HĐQT,2024-08-05,0.0,0,HT1
6,Đinh Quang Dũng,Chủ tịch Hội đồng Quản trị,Chủ tịch HĐQT,2025-11-28,0.0,0,HT1
7,Hoàng Cảnh Nguyễn,Thành viên Hội đồng Quản trị,TV HĐQT,2026-02-02,0.0,0,HT1
8,Phan Xuân Hiệu,Thành viên Hội đồng Quản trị,TV HĐQT,2026-02-02,0.0,0,HT1
10,Bùi Nguyên Quỳnh,Kế toán trưởng/Thành viên Hội đồng Quản trị,Kế toán trưởng/TV HĐQT,2026-02-02,0.0,0,HT1
11,Phạm Kiến Phương,Phó Tổng Giám đốc,Phó TGĐ,2026-02-02,0.0,0,HT1
12,Lê Thị Thu Thủy,Thành viên Ban kiểm soát,TV BKS,2026-02-02,0.0,0,HT1
13,Trung Thị Tâm Thanh,Trưởng Ban kiểm soát,Trưởng BKS,2026-02-02,0.0,0,HT1
14,Nguyễn Văn Lập,Thành viên Hội đồng Quản trị,TV HĐQT,2026-02-11,0.0,4260,HT1
2,Đặng Thị Phương Thơ,Người phụ trách quản trị công ty/Phụ trách Công bố thông tin,Người phụ trách quản trị công ty/Phụ trách CBTT,2022-12-21,0.0,0,HT1
1,Trần Đình Long,Chủ tịch Hội đồng Quản trị,Chủ tịch HĐQT,2026-02-03,0.258,1980000000,HPG
5,Trần Tuấn Dương,Phó Chủ tịch Hội đồng Quản trị,Phó Chủ tịch HĐQT,2026-02-04,0.0231329,177556764,HPG
6,Nguyễn Mạnh Tuấn,Phó Chủ tịch Hội đồng Quản trị,Phó Chủ tịch HĐQT,2026-02-04,0.0227,174088076,HPG
8,Nguyễn Ngọc Quang,Thành viên Hội đồng Quản trị,TV HĐQT,2026-02-04,0.0163,125485714,HPG
7,Doãn Gia Cường,Phó Chủ tịch Hội đồng Quản trị,Phó Chủ tịch HĐQT,2026-02-04,0.0125,96209794,HPG
9,Hoàng Quang Việt,Thành viên Hội đồng Quản trị,TV HĐQT,2026-02-04,0.0045,34701722,HPG
4,Nguyễn Việt Thắng,Thành viên Hội đồng Quản trị/Tổng Giám đốc,TV HĐQT/TGĐ,2026-02-04,0.0032,24618199,HPG
11,Nguyễn Thị Thảo Nguyên,Phó Tổng Giám đốc,Phó TGĐ,2026-02-04,0.0001052,805042,HPG
10,Trần Thị Thu Hiền,Người phụ trách quản trị công ty,Người phụ trách quản trị công ty,2026-02-04,1e-06,7621,HPG
2,Thái  Thị Lộc,Thành viên Ban kiểm soát,TV BKS,2026-02-03,3e-07,2160,HPG
14,Ngô  Lan Anh,Thành viên Ban kiểm soát,TV BKS,2026-02-04,3e-07,2191,HPG
3,Lê Minh Thúy,Thành viên Ban kiểm soát,TV BKS,2026-02-03,0.0,0,HPG
12,Phạm Thị Kim Oanh,Giám đốc Tài chính/Kế toán trưởng,GĐ Tài chính/Kế toán trưởng,2026-02-04,0.0,0,HPG
13,Bùi Thị Hải Vân,Thành viên Ban kiểm soát,TV BKS,2026-02-04,0.0,0,HPG
11,Đặng Minh Thích,Phó Giám đốc,Phó GĐ,2025-08-04,0.0005044,11600,SKV
2,Phan Thị Giang,Phó Giám đốc,Phó GĐ,2025-08-04,0.000313,7200,SKV
12,Nguyễn Khoa Bảo,Giám đốc/Thành viên Hội đồng Quản trị,GĐ/TV HĐQT,2025-08-19,0.000313,7200,SKV
9,Phạm Quốc Hùng,Phó Giám đốc,Phó GĐ,2025-08-04,0.0003087,7100,SKV
3,Huỳnh Đức Trọng,Phó Giám đốc Kinh doanh/Thành viên Hội đồng Quản trị,Phó GĐ Kinh doanh/TV HĐQT,2025-08-04,0.0003087,7100,SKV
10,Trịnh Thị Hồng Vân,Chủ tịch Hội đồng Quản trị,Chủ tịch HĐQT,2025-08-04,0.0002522,5800,SKV
1,Phạm Thị Lành,Kế toán trưởng,Kế toán trưởng,2024-08-26,0.0002044,4700,SKV
6,Phạm Duy Hưng,Thành viên Ban kiểm soát,TV BKS,2025-08-04,0.0001435,3300,SKV
7,Vũ Trần Nguyên Minh,Trưởng Ban kiểm soát,Trưởng BKS,2025-08-04,4.35e-05,1000,SKV
4,Vương Phạm Phương Thanh,Thành viên Hội đồng Quản trị,TV HĐQT,2025-08-04,4.35e-05,1000,SKV
8,Hồ Hải,Thành viên Ban kiểm soát,TV BKS,2025-08-04,1.33e-05,308,SKV
5,Lê Hồng Thuận,Thành viên Hội đồng Quản trị,TV HĐQT,2025-08-04,0.0,0,SKV
6,Nguyễn Đặng Toàn,Thành viên Hội đồng Quản trị,TV HĐQT,2025-07-28,0.0055,22200,HAD
8,Trần Vân Hà,Phó Giám đốc/Thành viên Hội đồng Quản trị,Phó GĐ/TV HĐQT,2025-09-03,0.0002275,910,HAD
4,Vũ Văn Khoan,Phó Giám đốc,Phó GĐ,2025-02-19,3.75e-05,150,HAD
5,Đặng Thị Minh Duyệt,Kế toán trưởng,Kế toán trưởng,2025-02-19,0.0,0,HAD
7,Trần Văn Trung,Chủ tịch Hội đồng Quản trị,Chủ tịch HĐQT,2025-09-03,0.0,0,HAD
9,Trần Huy Loãn,Phó Chủ tịch Hội đồng Quản trị/Giám đốc/Phụ trách Công bố thông tin,Phó Chủ tịch HĐQT/GĐ/Phụ trách CBTT,2025-09-03,0.0,0,HAD
1,Bùi Bảo Ngọc,Thành viên Hội đồng Quản trị,TV HĐQT,2019-05-06,0.0,0,HAD
10,Bùi Thị Thanh Bình,Trưởng Ban kiểm soát,Trưởng BKS,2025-09-03,0.0,0,HAD
2,Phạm Mạnh Toàn,Thành viên Ban kiểm soát,TV BKS,2019-05-06,0.0,0,HAD
3,Trịnh Quang Huy,Thành viên Ban kiểm soát,TV BKS,2022-04-20,0.0,0,HAD
5,Nguyễn Minh Lộc,Trưởng Ban kiểm soát,Trưởng BKS,2025-04-02,0.023,115200,SSG
1,Lê Thanh Hà,Kế toán trưởng,Kế toán trưởng,2023-10-17,0.001004,5000,SSG
3,Đặng Hồng Trường,Người phụ trách quản trị công ty/Thành viên Hội đồng Quản trị/Giám đốc,Người phụ trách quản trị công ty/TV HĐQT/GĐ,2025-02-19,0.0010038,5000,SSG
4,Trần Ngọc Sơn,Thành viên Hội đồng Quản trị,TV HĐQT,2025-04-02,0.0,0,SSG
2,Phạm Thị Anh Thư,Chủ tịch Hội đồng Quản trị,Chủ tịch HĐQT,2024-03-14,0.0,0,SSG
6,Lê Thanh Phúc,Thành viên Ban kiểm soát,TV BKS,2025-04-02,0.0,0,SSG
7,Nguyễn Phương Liên,Thành viên Ban kiểm soát,TV BKS,2025-04-22,0.0,0,SSG
8,Nguyễn Thị Hồng Hạnh,Phó Giám đốc,Phó GĐ,2025-07-02,0.0,0,SSG
9,Nguyễn Đức Mạnh,Thành viên Hội đồng Quản trị,TV HĐQT,2025-07-02,0.0,0,SSG
10,Nguyễn Đức Khiêm,Chủ tịch Hội đồng Quản trị,Chủ tịch HĐQT,2025-02-13,0.07003,1470670,TVT
1,Nguyễn Hữu Phú,Phó Tổng Giám đốc,Phó TGĐ,2017-07-12,0.0109,229320,TVT
4,Trần Thị Thanh Phượng,Thành viên Hội đồng Quản trị,TV HĐQT,2022-08-09,0.0032,68000,TVT
11,Nguyễn Quang Minh,Tổng Giám đốc,TGĐ,2025-02-13,0.0024,51000,TVT
7,Lê Nguyên Ngọc,Thành viên Hội đồng Quản trị/Phó Tổng Giám đốc,TV HĐQT/Phó TGĐ,2024-09-17,0.0011,23560,TVT
5,Nguyễn Đức Lợi,Thành viên Ban kiểm soát,TV BKS,2024-09-17,0.00035,7460,TVT
8,Diệp Quốc Bình,Kế toán trưởng,Kế toán trưởng,2024-09-17,0.0,0,TVT
6,Đào Thị Nội,Thành viên Ban kiểm soát,TV BKS,2024-09-17,0.0,0,TVT
3,Phạm Minh Tuấn,Thành viên Hội đồng Quản trị,TV HĐQT,2020-03-04,0.0,0,TVT
2,Nguyễn Phi Hùng,Người phụ trách quản trị công ty,Người phụ trách quản trị công ty,2019-10-18,0.0,0,TVT
12,Vũ Thị Thùy Dương,Trưởng Ban kiểm soát,Trưởng BKS,2025-12-30,0.0,0,TVT
9,DIỀU CHÍ HẢO,Thành viên Hội đồng Quản trị,TV HĐQT,2025-02-13,0.0,0,TVT
1,Nguyễn Thế Phương,Phó Tổng Giám đốc,Phó TGĐ,2019-01-28,0.0,0,VRG
2,Nguyễn Văn Lương,Người phụ trách quản trị công ty,Người phụ trách quản trị công ty,2021-07-08,0.0,0,VRG
3,Lê Thanh Ngọc,Thành viên Ban kiểm soát,TV BKS,2023-06-02,0.0,0,VRG
4,Nguyễn Thế Nghĩa,Thành viên Hội đồng Quản trị,TV HĐQT,2024-07-02,0.0,0,VRG
5,Vũ Thị Thu Hà,Trưởng Ban kiểm soát,Trưởng BKS,2024-07-02,0.0,0,VRG
6,Nguyễn Xuân Thành,Thành viên Hội đồng Quản trị,TV HĐQT,2024-07-24,0.0,0,VRG
7,Minh Quốc Sang,Thành viên Hội đồng Quản trị,TV HĐQT,2024-07-24,0.0,0,VRG
8,Lương Văn Đức,Phó Tổng Giám đốc Xây dựng,Phó TGĐ Xây dựng,2025-03-21,0.0,0,VRG
9,Nguyễn Trọng Hùng,Thành viên Hội đồng Quản trị,TV HĐQT,2025-07-03,0.0,0,VRG
10,Nguyễn Đức Huỳnh,Thành viên Ban kiểm soát,TV BKS,2025-08-11,0.0,0,VRG
11,Đặng Văn Thiệu,Tổng Giám đốc,TGĐ,2025-08-11,0.0,0,VRG
12,Phạm Trung Thái,Chủ tịch Hội đồng Quản trị,Chủ tịch HĐQT,2025-08-11,0.0,0,VRG
13,Trần Thị Thanh Bình,Thành viên Hội đồng Quản trị,TV HĐQT,2025-08-11,0.0,0,VRG
14,Mai Thế Thư,Phụ trách Công bố thông tin/Kế toán trưởng,Phụ trách CBTT/Kế toán trưởng,2025-08-11,0.0,0,VRG
15,Bùi Gia Hưng,Phó Tổng Giám đốc,Phó TGĐ,2025-08-11,0.0,0,VRG
11,Phan Ngọc Bích Hằng,Thành viên Ban kiểm soát,TV BKS,2026-02-03,0.0045,193531,DGW
8,Nguyễn Thu Hoài,Trưởng phòng Tài chính - Kế toán,Trưởng phòng Tài chính - Kế toán,2026-02-03,0.00138,305852,DGW
3,Đặng Kiện Phương,Chủ tịch Hội đồng Quản trị/Phó Tổng Giám đốc,Chủ tịch HĐQT/Phó TGĐ,2026-02-03,0.00081,180000,DGW
9,Vũ Thị Mai Hân,Kế toán trưởng,Kế toán trưởng,2026-02-03,0.0002,43000,DGW
5,Trần Bảo Minh,Thành viên Hội đồng Quản trị độc lập,Thành viên HĐQT độc lập,2026-02-03,0.00018,40000,DGW
4,Nguyễn Duy Tùng,Thành viên Hội đồng Quản trị độc lập,Thành viên HĐQT độc lập,2026-02-03,0.00018,40000,DGW
10,Nguyễn Văn Thuận,Trưởng phòng Tài chính,Trưởng phòng Tài chính,2026-02-03,0.00012,26300,DGW
6,Đoàn Hồng Việt,Thành viên Hội đồng Quản trị/Tổng Giám đốc,TV HĐQT/TGĐ,2026-02-03,0.0,0,DGW
2,Hoàng Thông,Trưởng Ban kiểm soát,Trưởng BKS,2023-02-01,0.0,0,DGW
1,Nguyễn Tuấn Thành,Thành viên Ban kiểm soát,TV BKS,2023-02-01,0.0,884,DGW
7,Tô Hồng Trang,Phụ trách Công bố thông tin/Thành viên Hội đồng Quản trị/Phó Tổng Giám đốc,Phụ trách CBTT/TV HĐQT/Phó TGĐ,2026-02-03,0.0,0,DGW
3,Trần Minh Hoàng,Chủ tịch Hội đồng Quản trị,Chủ tịch HĐQT,2025-07-22,0.18208119,1885865,VNI
4,Hồ Đắc Hưng,Thành viên Hội đồng Quản trị,TV HĐQT,2025-07-22,0.169826,1758935,VNI
5,VŨ NGỌC TUẤN,Thành viên Hội đồng Quản trị,TV HĐQT,2025-07-22,0.0141,149000,VNI
6,Nguyễn Văn Quý,Thành viên Hội đồng Quản trị,TV HĐQT,2025-07-22,0.0001284,1330,VNI
2,Nguyễn Văn Hùng,Thành viên Hội đồng Quản trị,TV HĐQT,2021-04-15,0.0001,1000,VNI
7,Nguyễn Duy Dương,Thành viên Hội đồng Quản trị,TV HĐQT,2025-07-22,4.83e-05,500,VNI
8,Nguyễn Hồ Phương,Thành viên Hội đồng Quản trị,TV HĐQT,2025-07-22,4.26e-05,441,VNI
1,Trần Thị Kim Duyên,Kế toán trưởng,Kế toán trưởng,2019-03-05,0.0,0,VNI
2,Nguyễn Văn Giang,Phó Chủ tịch Hội đồng Quản trị,Phó Chủ tịch HĐQT,2026-01-26,0.060228,359200,NDC
3,Hoàng Minh Châu,Phụ trách Công bố thông tin/Tổng Giám đốc/Thành viên Hội đồng Quản trị,Phụ trách CBTT/TGĐ/TV HĐQT,2026-01-26,0.0318,189500,NDC
4,Lã Xuân Hạnh,Chủ tịch Hội đồng Quản trị,Chủ tịch HĐQT,2026-01-26,0.02334,139200,NDC
5,Dương Thị Lan,Thành viên Hội đồng Quản trị,TV HĐQT,2026-01-26,0.0176056,105000,NDC
6,Lê Văn Sản,Giám đốc/Thành viên Hội đồng Quản trị,GĐ/TV HĐQT,2026-01-26,0.0097,57900,NDC
7,Vũ Thị Nga,Trưởng Ban kiểm soát,Trưởng BKS,2026-01-26,0.0012576,7500,NDC
1,Nguyễn Thị Quỳnh Hương,Thành viên Ban kiểm soát,TV BKS,2015-09-14,0.001,5800,NDC
8,Phạm Thành Đạt,Thành viên Ban kiểm soát,TV BKS,2026-01-26,0.0001157,690,NDC
3,Dương Xuân Quang,Tổng Giám đốc/Chủ tịch Hội đồng Quản trị,TGĐ/Chủ tịch HĐQT,2025-08-05,0.23346999,1633607,L12
4,Dương Xuân Tứ,Thành viên Hội đồng Quản trị,TV HĐQT,2025-08-05,0.0775,542615,L12
5,HOÀNG MINH TUẤN,Phó Chủ tịch Hội đồng Quản trị,Phó Chủ tịch HĐQT,2025-08-05,0.0414,360129,L12
6,Nguyễn Thị Chung,Kế toán trưởng/Thành viên Hội đồng Quản trị,Kế toán trưởng/TV HĐQT,2025-08-05,0.0343,240000,L12
8,Phùng Văn Thanh,Thành viên Hội đồng Quản trị,TV HĐQT,2026-01-26,0.02,100000,L12
7,Ngô Hương Lan,Trưởng Ban kiểm soát,Trưởng BKS,2025-08-05,0.0018,9984,L12
1,Đặng Thị Tâm,Thành viên Ban kiểm soát,TV BKS,2021-07-14,0.0016,10629,L12
2,NGUYỄN HỮU TUẤN,Phó Tổng Giám đốc,Phó TGĐ,2023-07-28,0.0,0,L12
5,Nguyễn Đức Hoàng,Chủ tịch Hội đồng Quản trị,Chủ tịch HĐQT,2024-07-24,0.1658,1492600,GND
4,Nguyễn Đức Dũng,Tổng Giám đốc,TGĐ,2023-02-21,0.1338,1204600,GND
2,Nguyễn Hoàng Hải,Thành viên Hội đồng Quản trị,TV HĐQT,2023-02-21,0.075,675000,GND
10,Nguyễn Hoàng Linh,Thành viên Hội đồng Quản trị,TV HĐQT,2025-05-06,0.0558,502300,GND
11,Bùi Thị Chiêm,Thành viên Hội đồng Quản trị/Kế toán trưởng,TV HĐQT/Kế toán trưởng,2025-11-18,0.0457,411350,GND
6,Nguyễn Văn Vinh,Phó Tổng Giám đốc,Phó TGĐ,2024-12-31,0.0056,50000,GND
7,Võ Đình Thanh Thuyên,Thành viên Hội đồng Quản trị,TV HĐQT,2025-05-05,0.0016,14800,GND
1,Hoàng Quang Tuyến,Phó Tổng Giám đốc,Phó TGĐ,2017-02-20,0.0002,2000,GND
3,Lê Minh Đức,Trưởng Ban kiểm soát,Trưởng BKS,2023-02-21,0.0001,500,GND
8,Hoàng Hữu Thăng,Thành viên Ban kiểm soát/Phó Tổng Giám đốc,TV BKS/Phó TGĐ,2025-05-05,0.0,0,GND
9,Trần Hồng Tuấn,Thành viên Ban kiểm soát,TV BKS,2025-05-05,0.0,0,GND
5,Nguyễn Minh Đồng,Tổng Giám đốc,TGĐ,2026-01-26,0.0012,20000,UDJ
2,Nguyễn Văn Hiền Phúc,Thành viên Hội đồng Quản trị,TV HĐQT,2017-03-27,0.0,0,UDJ
3,Lê Đăng Khoa,Thành viên Hội đồng Quản trị,TV HĐQT,2017-03-27,0.0,0,UDJ
4,Nguyễn Thị Thùy Dương,Trưởng Ban kiểm soát,Trưởng BKS,2019-07-16,0.0,0,UDJ
6,Phạm Viết Yên,Thành viên Hội đồng Quản trị,TV HĐQT,2026-01-26,0.0,0,UDJ
7,Lê Thị Thùy Dương,Thành viên Ban kiểm soát,TV BKS,2026-01-26,0.0,0,UDJ
8,Huỳnh Thị Quế Anh,Thành viên Ban kiểm soát,TV BKS,2026-01-26,0.0,0,UDJ
9,Huỳnh Gia Đạt,Phó Tổng Giám đốc,Phó TGĐ,2026-01-26,0.0,0,UDJ
10,Nguyễn Phạm Văn Khoa,Kế toán trưởng,Kế toán trưởng,2026-01-26,0.0,0,UDJ
1,Nguyễn Hoàn Vũ,Phó Chủ tịch Hội đồng Quản trị,Phó Chủ tịch HĐQT,2016-11-30,0.0,0,UDJ
11,Quảng Văn Viết Cương,Chủ tịch Hội đồng Quản trị,Chủ tịch HĐQT,2026-02-02,0.0,0,UDJ
3,Nguyễn Thanh Tú,Thành viên Hội đồng Quản trị,TV HĐQT,2023-02-13,0.0017,115800,IVS
4,Võ Thế Vinh,Trưởng Ban kiểm soát,Trưởng BKS,2023-08-11,3e-06,100,IVS
5,Nguyễn Thị Hồng,Kế toán trưởng,Kế toán trưởng,2023-12-25,0.0,0,IVS
6,Lê Thị Lan Hương,Giám đốc Tài chính,GĐ Tài chính,2025-02-28,0.0,0,IVS
7,Yim Fung,Thành viên Hội đồng Quản trị,TV HĐQT,2025-07-25,0.0,0,IVS
8,Wei Xi,Thành viên Hội đồng Quản trị,TV HĐQT,2025-07-25,0.0,0,IVS
9,Huang Bo,Thành viên Hội đồng Quản trị,TV HĐQT,2025-07-25,0.0,0,IVS
10,Hoàng Anh,Tổng Giám đốc,TGĐ,2025-07-25,0.0,0,IVS
11,Bùi Quang Kỷ,Phó Tổng Giám đốc/Phụ trách Công bố thông tin,Phó TGĐ/Phụ trách CBTT,2025-07-25,0.0,0,IVS
1,Đào Thị Tường Vi,Thành viên Ban kiểm soát,TV BKS,2019-12-09,0.0,0,IVS
12,Shen Jing,Thành viên Ban kiểm soát,TV BKS,2025-07-25,0.0,0,IVS
2,Li Guang Jie,Chủ tịch Hội đồng Quản trị,Chủ tịch HĐQT,2022-01-18,0.0,0,IVS
4,Phùng Thị Thu Hương,Trưởng Ban kiểm soát,Trưởng BKS,2026-02-05,8.9e-06,3283,HHS
5,Nguyễn Trọng Cường,Thành viên Ban kiểm soát,TV BKS,2026-02-05,8.9e-06,3283,HHS
6,Bùi Thị Trà,Thành viên Ban kiểm soát,TV BKS,2026-02-05,9e-07,323,HHS
7,Bùi Thị Hằng Nga,Người phụ trách quản trị công ty,Người phụ trách quản trị công ty,2026-02-05,0.0,0,HHS
8,Nguyễn Thế Hùng,Giám đốc,GĐ,2026-02-05,0.0,0,HHS
9,Đỗ Hữu Hạ,Chủ tịch Hội đồng Quản trị,Chủ tịch HĐQT,2026-02-05,0.0,0,HHS
10,Đỗ Hữu Hậu,Thành viên Hội đồng Quản trị,TV HĐQT,2026-02-05,0.0,0,HHS
1,Hồ Thị Xuân Hòa,Phụ trách Công bố thông tin/Kế toán trưởng,Phụ trách CBTT/Kế toán trưởng,2020-07-10,0.0,1223,HHS
11,Nguyễn Thị Hà,Thành viên Hội đồng Quản trị,TV HĐQT,2026-02-05,0.0,0,HHS
2,Trần Mạnh Luân,Thành viên Hội đồng Quản trị,TV HĐQT,2024-04-15,0.0,0,HHS
3,Nguyễn Thị Thu Trang,Thành viên Hội đồng Quản trị,TV HĐQT,2024-04-15,0.0,0,HHS
1,Phạm Gia Tuấn,Thành viên Hội đồng Quản trị,TV HĐQT,2016-08-01,0.0143,50000,ATS
3,Nguyễn Thanh Vân,Giám đốc,GĐ,2020-06-22,0.0029,10000,ATS
4,Nguyễn Thị Hoài Thu,Trưởng Ban kiểm soát,Trưởng BKS,2021-11-19,0.0,100,ATS
5,Phạm Thị Bích Hạnh,Thành viên Hội đồng Quản trị,TV HĐQT,2022-01-05,0.0,0,ATS
6,Đinh Thị Thu Phương,Thành viên Ban kiểm soát,TV BKS,2022-01-05,0.0,0,ATS
7,Trần Anh Quân,Thành viên Ban kiểm soát,TV BKS,2022-01-05,0.0,0,ATS
8,Nguyễn Thanh Mai,Thành viên Hội đồng Quản trị/Phó Giám đốc,TV HĐQT/Phó GĐ,2022-08-26,0.0,0,ATS
9,Nguyễn Thị Hà,Kế toán trưởng/Phụ trách Công bố thông tin,Kế toán trưởng/Phụ trách CBTT,2024-04-25,0.0,0,ATS
10,Phạm Anh Tuấn,Chủ tịch Hội đồng Quản trị,Chủ tịch HĐQT,2025-08-18,0.0,0,ATS
2,Phạm Minh Hiền,Thành viên Hội đồng Quản trị,TV HĐQT,2016-08-01,0.0,0,ATS
9,Phạm Minh Đức,Chủ tịch Hội đồng Quản trị,Chủ tịch HĐQT,2025-12-30,0.2363,2580820,HMS
2,Nguyễn Văn Hiền,Thành viên Hội đồng Quản trị,TV HĐQT,2025-02-11,0.0723,732155,HMS
8,Nguyễn Thế Cảnh,Thành viên Ban kiểm soát,TV BKS,2025-05-30,0.0395,432127,HMS
10,Tôn Mạnh Dũng,Phó Tổng Giám đốc,Phó TGĐ,2026-02-04,0.0236,18900,HMS
1,Nguyễn Lưu Anh Sơn,Phó Giám đốc,Phó GĐ,2017-05-31,0.0163,130320,HMS
3,Đỗ Việt Thi,Tổng Giám đốc/Phó Chủ tịch Hội đồng Quản trị,TGĐ/Phó Chủ tịch HĐQT,2025-02-11,0.0123,124625,HMS
4,TRẦN THỊ HOA,Thành viên Hội đồng Quản trị/Kế toán trưởng,TV HĐQT/Kế toán trưởng,2025-02-11,0.0115,116442,HMS
7,Ngô Kim Dung,Phụ trách Công bố thông tin,Phụ trách CBTT,2025-02-11,0.0054,54965,HMS
5,Phạm Thu Lan,Trưởng Ban kiểm soát,Trưởng BKS,2025-02-11,0.0021,20473,HMS
6,Nguyễn Thị Thủy,Thành viên Ban kiểm soát,TV BKS,2025-02-11,0.001,10450,HMS
11,Trần Văn Tưởng,Thành viên Hội đồng Quản trị/Giám đốc,TV HĐQT/GĐ,2026-01-27,0.0002437,290,BTG
2,Trần Bảy,Chủ tịch Hội đồng Quản trị,Chủ tịch HĐQT,2015-09-14,0.0,0,BTG
3,Phạm Anh Vũ,Thành viên Hội đồng Quản trị,TV HĐQT,2022-05-04,0.0,0,BTG
4,Nguyễn Hồng Nhân,Phó Giám đốc,Phó GĐ,2023-04-13,0.0,0,BTG
5,Lâm Anh Tuấn,Thành viên Ban kiểm soát,TV BKS,2023-05-16,0.0,0,BTG
1,Nguyễn Văn Phố,Phó Giám đốc,Phó GĐ,2015-09-14,0.0,0,BTG
7,Trương Văn Húa,Thành viên Hội đồng Quản trị,TV HĐQT,2023-10-12,0.0,0,BTG
8,Nguyễn Tấn Hưng,Thành viên Ban kiểm soát,TV BKS,2024-05-04,0.0,0,BTG
9,Nguyễn Thị Ngọc Hương,Thành viên Ban kiểm soát,TV BKS,2024-05-04,0.0,0,BTG
10,Lê Thị Thanh Hằng,Trưởng phòng Tài chính - Kế toán,Trưởng phòng Tài chính - Kế toán,2024-06-26,0.0,0,BTG
6,Đoàn Thanh Phong,Thành viên Hội đồng Quản trị,TV HĐQT,2023-05-16,0.0,0,BTG
1,Nhữ Thị Kim Thu,Thành viên Hội đồng Quản trị,TV HĐQT,2021-07-14,0.0,0,PIV
2,Lê Thị Thanh Nga,Kế toán trưởng,Kế toán trưởng,2022-12-06,0.0,0,PIV
3,Đỗ Quang,Tổng Giám đốc,TGĐ,2022-12-06,0.0,0,PIV
4,Trương Thị Nhung,Thành viên Ban kiểm soát,TV BKS,2023-03-07,0.0,0,PIV
5,Đặng Thị Nụ,Thành viên Ban kiểm soát,TV BKS,2023-04-20,0.0,0,PIV
6,Hoàng Tiến Thành,Thành viên Ban kiểm soát,TV BKS,2023-04-20,0.0,0,PIV
7,Nguyễn Duy Bằng,Thành viên Hội đồng Quản trị,TV HĐQT,2023-04-20,0.0,0,PIV
8,Trương Tuấn Anh,Chủ tịch Hội đồng Quản trị/Phụ trách Công bố thông tin,Chủ tịch HĐQT/Phụ trách CBTT,2023-04-20,0.0,0,PIV
9,Lê Trường Kỹ,Chủ tịch Hội đồng Quản trị,Chủ tịch HĐQT,2025-09-03,0.1426198,1270740,PDB
10,Huỳnh Phước Huyền Vy,Thành viên Hội đồng Quản trị,TV HĐQT,2025-09-03,0.0729223,649736,PDB
8,Nguyễn Thị Minh Phượng,Thành viên Ban kiểm soát,TV BKS,2025-08-08,0.0377633,336470,PDB
1,Đinh Ngọc Đạm,Thành viên Hội đồng Quản trị độc lập,Thành viên HĐQT độc lập,2015-09-14,0.0187,166650,PDB
3,Đặng Tiến Đức,Thành viên Hội đồng Quản trị/Tổng Giám đốc,TV HĐQT/TGĐ,2025-08-08,0.0068071,60651,PDB
2,Nguyễn Thị Kim Liên,Thành viên Hội đồng Quản trị độc lập,Thành viên HĐQT độc lập,2015-09-14,0.0037,33300,PDB
4,Nguyễn Văn Triều,Phó Tổng Giám đốc,Phó TGĐ,2025-08-08,0.0028806,25666,PDB
11,Lê Anh Long,Trưởng Ban kiểm soát,Trưởng BKS,2025-09-03,0.0026375,23500,PDB
5,Nguyễn Thị Thảo,Kế toán trưởng/Phụ trách Công bố thông tin/Phó Tổng Giám đốc,Kế toán trưởng/Phụ trách CBTT/Phó TGĐ,2025-08-08,0.0024467,21800,PDB
7,Chu Văn Tuấn,Thành viên Ban kiểm soát,TV BKS,2025-08-08,0.0,0,PDB
6,Trần Cảnh Thành,Thành viên Ban kiểm soát,TV BKS,2025-08-08,0.0,0,PDB
4,La Văn Út,Chủ tịch Hội đồng Quản trị/Phó Tổng Giám đốc,Chủ tịch HĐQT/Phó TGĐ,2025-07-28,0.01252,1000000,VTO
15,Văn Thị Hồng Phượng,Phó Tổng Giám đốc,Phó TGĐ,2025-10-23,0.00751,600000,VTO
6,Nguyễn Thanh Tuyên,Người phụ trách quản trị công ty/Phụ trách Công bố thông tin,Người phụ trách quản trị công ty/Phụ trách CBTT,2025-07-28,0.000175,14000,VTO
5,Nguyễn Quang Chiến,Phó Tổng Giám đốc,Phó TGĐ,2025-07-28,0.000145,11579,VTO
7,Trương Văn Minh,Thành viên Hội đồng Quản trị,TV HĐQT,2025-07-28,7.04e-05,5622,VTO
3,Phạm Lý Trang Khanh,Thành viên Hội đồng Quản trị/Phó Tổng Giám đốc,TV HĐQT/Phó TGĐ,2024-06-13,6.886e-05,5500,VTO
8,Bùi Hồng Dũng,Phó Tổng Giám đốc/Thành viên Hội đồng Quản trị,Phó TGĐ/TV HĐQT,2025-07-28,5.45e-05,4350,VTO
9,Nguyễn Chí Nam,Thành viên Hội đồng Quản trị,TV HĐQT,2025-07-28,2.88e-05,2300,VTO
10,Nguyễn Trọng Nghĩa,Kế toán trưởng/Trưởng phòng Tài chính - Kế toán,Kế toán trưởng/Trưởng phòng Tài chính - Kế toán,2025-07-28,4e-06,320,VTO
12,Phạm Văn Trung,Thành viên Ban kiểm soát,TV BKS,2025-07-28,0.0,0,VTO
13,Lê Minh Ngọc,Thành viên Hội đồng Quản trị,TV HĐQT,2025-07-28,0.0,0,VTO
14,Nguyễn Quang Cương,Thành viên Hội đồng Quản trị/Tổng Giám đốc,TV HĐQT/TGĐ,2025-07-28,0.0,0,VTO
1,Nguyễn Tiến Dũng,Trưởng Ban kiểm soát,Trưởng BKS,2024-02-23,0.0,0,VTO
2,Phạm Thúy Hà,Thành viên Ban kiểm soát,TV BKS,2024-02-23,0.0,0,VTO
11,Đỗ Quang Minh,Phó Tổng Giám đốc,Phó TGĐ,2025-07-28,0.0,0,VTO
1,Lưu Quốc Tuấn,Phó Giám đốc,Phó GĐ,2017-09-25,0.0,0,CBI
2,Nguyễn Hữu Sơn,Phó Giám đốc,Phó GĐ,2017-09-25,0.0,0,CBI
3,Nguyễn Văn Phương,Giám đốc/Thành viên Hội đồng Quản trị,GĐ/TV HĐQT,2023-09-13,0.0,0,CBI
4,Tô Xuân Thanh,Thành viên Hội đồng Quản trị,TV HĐQT,2023-09-13,0.0,0,CBI
5,Hoàng Văn Sáng,Trưởng Ban kiểm soát,Trưởng BKS,2023-09-13,0.0,0,CBI
6,Lê Văn Lưỡng,Thành viên Ban kiểm soát,TV BKS,2023-09-13,0.0,0,CBI
7,Lê Thị Linh Đa,Người phụ trách quản trị công ty,Người phụ trách quản trị công ty,2023-09-13,0.0,0,CBI
8,Đào Thị Vân Anh,Thành viên Ban kiểm soát,TV BKS,2023-09-13,0.0,0,CBI
9,Bùi Tiến Hải,Chủ tịch Hội đồng Quản trị,Chủ tịch HĐQT,2024-05-03,0.0,0,CBI
10,Đỗ Ngọc Hải,Kế toán trưởng/Trưởng phòng Tài chính - Kế toán,Kế toán trưởng/Trưởng phòng Tài chính - Kế toán,2024-08-09,0.0,0,CBI
11,Nguyễn Văn Tuấn,Phó Giám đốc,Phó GĐ,2024-10-21,0.0,0,CBI
12,Trần Văn Chưởng,Phụ trách Công bố thông tin,Phụ trách CBTT,2025-08-08,0.0,0,CBI
13,Phạm Thành Đô,Thành viên Hội đồng Quản trị,TV HĐQT,2025-12-24,0.0,0,CBI
14,Trịnh Văn Tuấn,Thành viên Hội đồng Quản trị,TV HĐQT,2026-02-04,0.0,0,CBI
1,Đặng Vũ Dương,Phó Tổng Giám đốc,Phó TGĐ,2015-09-14,0.0,0,STL
2,Hứa Vĩnh Cường,Phó Tổng Giám đốc,Phó TGĐ,2015-09-14,0.0,0,STL
3,Lại Việt Cường,Thành viên Hội đồng Quản trị,TV HĐQT,2015-09-14,0.0,0,STL
4,Nguyễn Anh Tuấn,Phó Tổng Giám đốc,Phó TGĐ,2015-09-14,0.0,0,STL
5,Nguyễn Chí Kiên,Thành viên Hội đồng Quản trị,TV HĐQT,2015-09-14,0.0,0,STL
6,Nguyễn Chí Uy,Phó Tổng Giám đốc/Thành viên Hội đồng Quản trị,Phó TGĐ/TV HĐQT,2015-09-14,0.0,0,STL
7,Nguyễn Đỗ Việt,Phó Tổng Giám đốc,Phó TGĐ,2015-09-14,0.0,0,STL
8,Nguyễn Đức Ngọ,Thành viên Ban kiểm soát,TV BKS,2015-09-14,0.0,0,STL
9,Nguyễn Duy Kiên,Thành viên Hội đồng Quản trị,TV HĐQT,2015-09-14,0.0,0,STL
10,Nguyễn Trường Giang,Phó Tổng Giám đốc,Phó TGĐ,2015-09-14,0.0,0,STL
11,Tăng Bích Trâm,Kế toán trưởng/Phụ trách Công bố thông tin,Kế toán trưởng/Phụ trách CBTT,2015-09-14,0.0,0,STL
12,Trần Mạnh Hùng,Trưởng Ban kiểm soát,Trưởng BKS,2015-09-14,0.0,0,STL
13,Vũ Anh Tuấn,Thành viên Hội đồng Quản trị,TV HĐQT,2015-09-14,0.0,0,STL
14,Lê Phước Hùng,Phó Tổng Giám đốc,Phó TGĐ,2017-06-07,0.0,0,STL
15,Nguyễn Xuân Kỳ,Thành viên Hội đồng Quản trị/Phó Tổng Giám đốc,TV HĐQT/Phó TGĐ,2017-06-07,0.0,0,STL
16,Nguyễn Trí Dũng,Chủ tịch Hội đồng Quản trị/Tổng Giám đốc,Chủ tịch HĐQT/TGĐ,2022-10-17,0.0,0,STL
17,Nguyễn Phương Bắc,Thành viên Ban kiểm soát,TV BKS,2022-12-27,0.0,0,STL
18,Đào Trung Dũng,Trưởng Ban kiểm soát,Trưởng BKS,2023-05-15,0.0,0,STL
19,Lê Thị Thu Hằng,Thành viên Ban kiểm soát,TV BKS,2023-05-15,0.0,0,STL
1,Huỳnh Văn Quyển,Phó phòng Kế toán,Phó phòng Kế toán,2015-09-14,0.0,0,VKP
2,Lê Hoàng Vũ,Giám đốc điều hành/Thành viên Hội đồng Quản trị,GĐ Điều hành/TV HĐQT,2015-09-14,0.0,0,VKP
3,Lê Quang Nghĩa,Thành viên Hội đồng Quản trị,TV HĐQT,2015-09-14,0.0,0,VKP
4,Nguyễn Huy Chính,Phó Tổng Giám đốc,Phó TGĐ,2015-09-14,0.0,0,VKP
5,Nguyễn Minh Hải,Phó Giám đốc,Phó GĐ,2015-09-14,0.0,0,VKP
6,Nguyễn Minh Tiến,Thành viên Hội đồng Quản trị/Phụ trách Công bố thông tin/Giám đốc,TV HĐQT/Phụ trách CBTT/GĐ,2015-09-14,0.0,0,VKP
7,Nguyễn Thái Việt,Kế toán trưởng,Kế toán trưởng,2015-09-14,0.0,0,VKP
8,Nguyễn Tiến Đạt,Thành viên Ban kiểm soát,TV BKS,2015-09-14,0.0,0,VKP
9,Phạm Đức Trình,Trưởng Ban kiểm soát,Trưởng BKS,2015-09-14,0.0,0,VKP
10,Quách Đức,Thành viên Hội đồng Quản trị,TV HĐQT,2015-09-14,0.0,0,VKP
11,Trần Hoàng Dũng,Phó Giám đốc Kỹ thuật - Sản xuất,Phó GĐ Kỹ thuật - Sản xuất,2015-09-14,0.0,0,VKP
12,Trương Tứ Đệ,Chủ tịch Hội đồng Quản trị,Chủ tịch HĐQT,2015-09-14,0.0,0,VKP
13,Lê Văn Hiền,Phó Giám đốc/Thành viên Hội đồng Quản trị,Phó GĐ/TV HĐQT,2016-12-30,0.0,0,VKP
14,Lê Thị Út Hậu,Thành viên Hội đồng Quản trị,TV HĐQT,2023-05-15,0.0,0,VKP
15,Nguyễn Thị Tuyết Lan,Thành viên Ban kiểm soát,TV BKS,2023-05-15,0.0,0,VKP
16,Nguyễn Thành Công,Thành viên Ban kiểm soát,TV BKS,2023-06-09,0.0,0,VKP
7,Trần Thanh Hải,Giám đốc/Thành viên Hội đồng Quản trị,GĐ/TV HĐQT,2025-08-05,0.0026,10400,XMD
4,Nguyễn Ngọc Phượng,Kế toán trưởng,Kế toán trưởng,2023-06-20,0.00228,9100,XMD
8,Trần Duy Tình,Phó Giám đốc,Phó GĐ,2025-09-23,0.00088,3500,XMD
2,Nguyễn Cao Thắng,Thành viên Hội đồng Quản trị,TV HĐQT,2018-04-13,1.8e-05,7000,XMD
5,Đặng Việt Đức,Thành viên Ban kiểm soát,TV BKS,2025-04-18,0.0,0,XMD
3,Lê Thị Ngọc Diệp,Thành viên Ban kiểm soát,TV BKS,2021-05-15,0.0,0,XMD
1,Nguyễn Đức Ứng,Chủ tịch Hội đồng Quản trị,Chủ tịch HĐQT,2018-04-13,0.0,0,XMD
6,Nguyễn Đức Thảo,Thành viên Ban kiểm soát,TV BKS,2025-08-05,0.0,0,XMD
3,Nguyễn Quốc Định,Chủ tịch Hội đồng Quản trị/Phó Tổng Giám đốc,Chủ tịch HĐQT/Phó TGĐ,2024-02-02,0.0045,315000,IMP
7,Trần Thị Đào,Tổng Giám đốc/Phó Chủ tịch Hội đồng Quản trị,TGĐ/Phó Chủ tịch HĐQT,2026-02-03,0.0044,671400,IMP
10,Ngô Minh Tuấn,Phó Tổng Giám đốc/Thành viên Hội đồng Quản trị,Phó TGĐ/TV HĐQT,2026-02-03,0.002,306000,IMP
11,Lê Văn Nhã Phương,Thành viên Hội đồng Quản trị/Phó Tổng Giám đốc,TV HĐQT/Phó TGĐ,2026-02-03,0.0016,251790,IMP
12,Huỳnh Văn Nhung,Phó Tổng Giám đốc,Phó TGĐ,2026-02-03,0.0012,180000,IMP
1,Nguyễn Đức Tuấn,Trưởng Ban kiểm soát,Trưởng BKS,2015-09-14,0.0008,52860,IMP
2,Trần Anh Tuấn,Thành viên Hội đồng Quản trị,TV HĐQT,2015-09-14,0.0007,48000,IMP
4,Lê Thị Kim Chung,Thành viên Ban kiểm soát,TV BKS,2024-02-02,0.0003,22050,IMP
6,Trần Hoài Hạnh,Kế toán trưởng,Kế toán trưởng,2024-02-27,0.0,0,IMP
9,Hàn Thị Khánh Vinh,Thành viên Hội đồng Quản trị,TV HĐQT,2026-02-03,0.0,0,IMP
5,Đỗ Thị Thanh Thúy,Thành viên Ban kiểm soát,TV BKS,2024-02-02,0.0,0,IMP
8,Trương Minh Hùng,Thành viên Hội đồng Quản trị,TV HĐQT,2026-02-03,0.0,0,IMP
4,Vũ Tiến Duy,Giám đốc/Thành viên Hội đồng Quản trị,GĐ/TV HĐQT,2023-07-12,0.0096,40000,VTK
9,Nguyễn Hữu Đức,Phó Giám đốc,Phó GĐ,2025-08-11,0.0047,44478,VTK
7,Nguyễn Đăng Hùng,Phó Giám đốc,Phó GĐ,2025-08-11,0.0036978,34697,VTK
1,Nguyễn Hữu Hải,Kế toán trưởng,Kế toán trưởng,2018-12-14,0.0028,11820,VTK
10,Phan Thế Trường,Trưởng Ban kiểm soát,Trưởng BKS,2026-02-04,0.0004216,3956,VTK
6,Trương Thị Thu Hà,Thành viên Hội đồng Quản trị,TV HĐQT,2025-05-08,0.0,0,VTK
5,Nguyễn Địch Tuấn Anh,Thành viên Hội đồng Quản trị,TV HĐQT,2025-05-08,0.0,0,VTK
8,Nguyễn Đức Cường,Thành viên Ban kiểm soát,TV BKS,2025-08-11,0.0,0,VTK
3,Đỗ Minh Phương,Thành viên Hội đồng Quản trị,TV HĐQT,2022-10-13,0.0,0,VTK
2,Ngô Văn Chinh,Thành viên Ban kiểm soát,TV BKS,2020-05-06,0.0,0,VTK
6,Tô Khải Đạt,Tổng Giám đốc,TGĐ,2026-01-30,0.0594,1187500,PTD
2,HỒ THANH ĐỨC,Thành viên Hội đồng Quản trị,TV HĐQT,2024-12-13,0.05,250000,PTD
7,Trần Minh Trúc,Chủ tịch Hội đồng Quản trị/Phó Tổng Giám đốc,Chủ tịch HĐQT/Phó TGĐ,2026-01-30,0.0125,250000,PTD
3,Hoàng Trường Giang,Thành viên Ban kiểm soát,TV BKS,2026-01-22,0.001875,6000,PTD
5,Trần Ngọc Tú,Thành viên Ban kiểm soát,TV BKS,2026-01-22,0.00125,4000,PTD
4,Dương Thị Ngọc Thùy,Trưởng Ban kiểm soát,Trưởng BKS,2026-01-22,0.0001563,500,PTD
9,Nguyễn Hoàng Vũ,Kế toán trưởng,Kế toán trưởng,2026-02-03,3.75e-06,75,PTD
8,Yang Pei Long,Thành viên Hội đồng Quản trị,TV HĐQT,2026-02-03,2.5e-06,50,PTD
1,BÙI QUANG HUÂN,Thành viên Hội đồng Quản trị,TV HĐQT,2024-12-13,0.0,0,PTD
1,Tạ Thu Thủy,Thành viên Hội đồng Quản trị,TV HĐQT,2017-12-14,0.0069,110000,HBH
6,NGUYỄN HOÀNG GIANG,Thành viên Hội đồng Quản trị/Giám đốc,TV HĐQT/GĐ,2025-08-28,0.000125,2000,HBH
3,Trịnh Quang Huy,Thành viên Ban kiểm soát,TV BKS,2020-06-29,0.0,0,HBH
4,Trần Dương Ánh Tuyết,Thành viên Ban kiểm soát,TV BKS,2023-04-28,0.0,0,HBH
5,Nguyễn Tiến Quyết,Phó Giám đốc,Phó GĐ,2025-01-02,0.0,0,HBH
2,Trần Văn Trung,Chủ tịch Hội đồng Quản trị,Chủ tịch HĐQT,2019-06-17,0.0,0,HBH
7,Quách Thị Thu Huyền,Thành viên Hội đồng Quản trị,TV HĐQT,2025-08-28,0.0,0,HBH
8,Nguyễn Như Khuê,Thành viên Ban kiểm soát,TV BKS,2025-08-28,0.0,0,HBH
9,Bùi Thị Huyền,Trưởng Ban kiểm soát,Trưởng BKS,2025-08-28,0.0,0,HBH
10,Nguyễn Thị Hương Giang,Kế toán trưởng,Kế toán trưởng,2025-08-28,0.0,0,HBH
10,Đặng Văn Hoan,Thành viên Ban kiểm soát/Phụ trách Công bố thông tin,TV BKS/Phụ trách CBTT,2025-10-21,0.2046,920641,BHC
9,Nguyễn Văn Sơn,Chủ tịch Hội đồng Quản trị,Chủ tịch HĐQT,2025-10-21,0.1404,631688,BHC
3,Phan Văn Hải,Thành viên Hội đồng Quản trị,TV HĐQT,2015-09-14,0.0,0,BHC
4,Trần Văn Ngân,Phó Chủ tịch Hội đồng Quản trị/Phó Tổng Giám đốc,Phó Chủ tịch HĐQT/Phó TGĐ,2015-09-14,0.0,0,BHC
5,Trần Văn Phúc,Thành viên Hội đồng Quản trị,TV HĐQT,2015-09-14,0.0,0,BHC
6,Đỗ Hoàng Minh,Trưởng Ban kiểm soát,Trưởng BKS,2017-08-08,0.0,0,BHC
7,Đinh Thị Bích Thủy,Thành viên Hội đồng Quản trị,TV HĐQT,2018-05-08,0.0,0,BHC
8,Nguyễn Văn Tuyến,Kế toán trưởng,Kế toán trưởng,2025-02-24,0.0,0,BHC
1,Nguyễn Thanh Hoàn,Phó Tổng Giám đốc/Thành viên Hội đồng Quản trị,Phó TGĐ/TV HĐQT,2015-09-14,0.0,0,BHC
11,Đào Văn Sơn,Thành viên Ban kiểm soát,TV BKS,2026-02-11,0.0,0,BHC
2,Nguyễn Trọng Kim,Phó Tổng Giám đốc,Phó TGĐ,2015-09-14,0.0,0,BHC
10,NGUYỄN XUÂN DƯƠNG,Chủ tịch Hội đồng Quản trị,Chủ tịch HĐQT,2025-08-11,0.0315,615466,HUG
7,Nguyễn Văn Trung,Phó Tổng Giám đốc/Thành viên Hội đồng Quản trị,Phó TGĐ/TV HĐQT,2025-08-11,0.0115,224893,HUG
6,PHẠM THỊ PHƯƠNG HOA,Tổng Giám đốc/Thành viên Hội đồng Quản trị,TGĐ/TV HĐQT,2025-08-11,0.0097,188592,HUG
2,Bùi Thị Lý,Thành viên Hội đồng Quản trị,TV HĐQT,2025-04-26,0.0043,83154,HUG
8,CHU HỮU NGHỊ,Phó Tổng Giám đốc,Phó TGĐ,2025-08-11,0.0024,47444,HUG
3,Hoàng Xuân Nam,Thành viên Ban kiểm soát,TV BKS,2025-04-26,0.0022,43200,HUG
4,Đinh Thị Thu Hường,Thành viên Ban kiểm soát,TV BKS,2025-04-26,0.0014,27652,HUG
9,Trần Thị Hường,Trưởng phòng Tài chính - Kế toán,Trưởng phòng Tài chính - Kế toán,2025-08-11,0.0005,9872,HUG
1,Phạm Thị Nguyên Hạnh,Thành viên Hội đồng Quản trị,TV HĐQT,2017-12-14,0.0,0,HUG
5,Nguyễn Văn Hải,Thành viên Ban kiểm soát,TV BKS,2025-04-26,0.0,0,HUG
