last_updated,group_name,name,value,unit,source,report_type
2015-03-25,Cơ cấu GDP  theo giá hiện tại,Công nghiệp,34.8,%,Tổng cục thống kê,Quý 1
2015-03-25,Cơ cấu GDP  theo giá hiện tại,Dịch vụ,42.23,%,Tổng cục thống kê,Quý 1
2015-03-25,Cơ cấu GDP  theo giá hiện tại,Nông nghiệp,12.35,%,Tổng cục thống kê,Quý 1
2015-03-25,Giá trị GDP (2010),Công nghiệp,184644.0,Tỷ VNĐ,,Quý 1
2015-03-25,Giá trị GDP (2010),Dịch vụ,216604.0,Tỷ VNĐ,,Quý 1
2015-03-25,Giá trị GDP (2010),GDP thực,534573.0,Tỷ VNĐ,,Quý 1
2015-03-25,Giá trị GDP (2010),Nông nghiệp,66940.0,Tỷ VNĐ,,Quý 1
2015-03-25,Giá trị GDP hiện hành,Công nghiệp,281516.0,Tỷ VNĐ,Tổng cục thống kê,Quý 1
2015-03-25,Giá trị GDP hiện hành,Dịch vụ,341622.0,Tỷ VNĐ,Tổng cục thống kê,Quý 1
2015-03-25,Giá trị GDP hiện hành,GDP danh nghĩa,808883.0,Tỷ VNĐ,Tổng cục thống kê,Quý 1
2015-03-25,Giá trị GDP hiện hành,Nông nghiệp,99868.0,Tỷ VNĐ,Tổng cục thống kê,Quý 1
2015-03-25,Tăng trưởng thực của GDP,Công nghiệp,8.35,%,Tổng cục thống kê,Quý 1
2015-03-25,Tăng trưởng thực của GDP,Dịch vụ,5.82,%,Tổng cục thống kê,Quý 1
2015-03-25,Tăng trưởng thực của GDP,Nông nghiệp,2.14,%,Tổng cục thống kê,Quý 1
2015-03-25,Tăng trưởng thực của GDP,Tổng GDP,6.03,%,Tổng cục thống kê,Quý 1
2015-07-05,Cơ cấu GDP  theo giá hiện tại,Công nghiệp,33.45,%,Tổng cục thống kê,6 tháng
2015-07-05,Cơ cấu GDP  theo giá hiện tại,Dịch vụ,39.61,%,Tổng cục thống kê,6 tháng
2015-07-05,Cơ cấu GDP  theo giá hiện tại,Nông nghiệp,16.73,%,Tổng cục thống kê,6 tháng
2015-07-05,Giá trị GDP (2010),Công nghiệp,412990.0,Tỷ VNĐ,,6 tháng
2015-07-05,Giá trị GDP (2010),Dịch vụ,459321.0,Tỷ VNĐ,,6 tháng
2015-07-05,Giá trị GDP (2010),GDP thực,1224878.0,Tỷ VNĐ,,6 tháng
2015-07-05,Giá trị GDP (2010),Nông nghiệp,209943.0,Tỷ VNĐ,,6 tháng
2015-07-05,Giá trị GDP hiện hành,Công nghiệp,595112.0,Tỷ VNĐ,Tổng cục thống kê,6 tháng
2015-07-05,Giá trị GDP hiện hành,Dịch vụ,704664.0,Tỷ VNĐ,Tổng cục thống kê,6 tháng
2015-07-05,Giá trị GDP hiện hành,GDP danh nghĩa,1779170.0,Tỷ VNĐ,Tổng cục thống kê,6 tháng
2015-07-05,Giá trị GDP hiện hành,Nông nghiệp,297697.0,Tỷ VNĐ,Tổng cục thống kê,6 tháng
2015-07-05,Tăng trưởng thực của GDP,Công nghiệp,9.09,%,Tổng cục thống kê,6 tháng
2015-07-05,Tăng trưởng thực của GDP,Dịch vụ,5.9,%,Tổng cục thống kê,6 tháng
2015-07-05,Tăng trưởng thực của GDP,Nông nghiệp,2.36,%,Tổng cục thống kê,6 tháng
2015-07-05,Tăng trưởng thực của GDP,Tổng GDP,6.28,%,Tổng cục thống kê,6 tháng
2015-10-14,Cơ cấu GDP  theo giá hiện tại,Công nghiệp,,%,Tổng cục thống kê,9 tháng
2015-10-14,Cơ cấu GDP  theo giá hiện tại,Dịch vụ,,%,Tổng cục thống kê,9 tháng
2015-10-14,Cơ cấu GDP  theo giá hiện tại,Nông nghiệp,,%,Tổng cục thống kê,9 tháng
2015-10-14,Giá trị GDP (2010),Công nghiệp,549546.0,Tỷ VNĐ,,9 tháng
2015-10-14,Giá trị GDP (2010),Dịch vụ,749668.0,Tỷ VNĐ,,9 tháng
2015-10-14,Giá trị GDP (2010),GDP thực,1954503.0,Tỷ VNĐ,,9 tháng
2015-10-14,Giá trị GDP (2010),Nông nghiệp,245283.0,Tỷ VNĐ,,9 tháng
2015-10-14,Giá trị GDP hiện hành,Công nghiệp,800805.0,Tỷ VNĐ,Tổng cục thống kê,9 tháng
2015-10-14,Giá trị GDP hiện hành,Dịch vụ,1155502.0,Tỷ VNĐ,Tổng cục thống kê,9 tháng
2015-10-14,Giá trị GDP hiện hành,GDP danh nghĩa,2851390.0,Tỷ VNĐ,Tổng cục thống kê,9 tháng
2015-10-14,Giá trị GDP hiện hành,Nông nghiệp,348438.0,Tỷ VNĐ,Tổng cục thống kê,9 tháng
2015-10-14,Tăng trưởng thực của GDP,Công nghiệp,9.69,%,Tổng cục thống kê,9 tháng
2015-10-14,Tăng trưởng thực của GDP,Dịch vụ,6.17,%,Tổng cục thống kê,9 tháng
2015-10-14,Tăng trưởng thực của GDP,Nông nghiệp,1.77,%,Tổng cục thống kê,9 tháng
2015-10-14,Tăng trưởng thực của GDP,Tổng GDP,6.5,%,Tổng cục thống kê,9 tháng
2016-03-29,Cơ cấu GDP  theo giá hiện tại,Công nghiệp,34.24,%,Tổng cục thống kê,Quý 1
2016-03-29,Cơ cấu GDP  theo giá hiện tại,Dịch vụ,43.61,%,Tổng cục thống kê,Quý 1
2016-03-29,Cơ cấu GDP  theo giá hiện tại,Nông nghiệp,11.44,%,Tổng cục thống kê,Quý 1
2016-03-29,Giá trị GDP (2010),Công nghiệp,197759.0,Tỷ VNĐ,,Quý 1
2016-03-29,Giá trị GDP (2010),Dịch vụ,229578.0,Tỷ VNĐ,,Quý 1
2016-03-29,Giá trị GDP (2010),GDP thực,564255.0,Tỷ VNĐ,,Quý 1
2016-03-29,Giá trị GDP (2010),Nông nghiệp,66186.0,Tỷ VNĐ,,Quý 1
2016-03-29,Giá trị GDP hiện hành,Công nghiệp,291109.0,Tỷ VNĐ,Tổng cục thống kê,Quý 1
2016-03-29,Giá trị GDP hiện hành,Dịch vụ,370846.0,Tỷ VNĐ,Tổng cục thống kê,Quý 1
2016-03-29,Giá trị GDP hiện hành,GDP danh nghĩa,850315.0,Tỷ VNĐ,Tổng cục thống kê,Quý 1
2016-03-29,Giá trị GDP hiện hành,Nông nghiệp,97253.0,Tỷ VNĐ,Tổng cục thống kê,Quý 1
2016-03-29,Tăng trưởng thực của GDP,Công nghiệp,6.72,%,Tổng cục thống kê,Quý 1
2016-03-29,Tăng trưởng thực của GDP,Dịch vụ,6.13,%,Tổng cục thống kê,Quý 1
2016-03-29,Tăng trưởng thực của GDP,Nông nghiệp,-1.23,%,Tổng cục thống kê,Quý 1
2016-03-29,Tăng trưởng thực của GDP,Tổng GDP,5.46,%,Tổng cục thống kê,Quý 1
2016-07-06,Cơ cấu GDP  theo giá hiện tại,Công nghiệp,32.94,%,Tổng cục thống kê,6 tháng
2016-07-06,Cơ cấu GDP  theo giá hiện tại,Dịch vụ,41.01,%,Tổng cục thống kê,6 tháng
2016-07-06,Cơ cấu GDP  theo giá hiện tại,Nông nghiệp,15.74,%,Tổng cục thống kê,6 tháng
2016-07-06,Giá trị GDP (2010),Công nghiệp,443489.0,Tỷ VNĐ,,6 tháng
2016-07-06,Giá trị GDP (2010),Dịch vụ,488307.0,Tỷ VNĐ,,6 tháng
2016-07-06,Giá trị GDP (2010),GDP thực,1292968.0,Tỷ VNĐ,,6 tháng
2016-07-06,Giá trị GDP (2010),Nông nghiệp,209281.0,Tỷ VNĐ,,6 tháng
2016-07-06,Giá trị GDP hiện hành,Công nghiệp,619254.0,Tỷ VNĐ,Tổng cục thống kê,6 tháng
2016-07-06,Giá trị GDP hiện hành,Dịch vụ,770847.0,Tỷ VNĐ,Tổng cục thống kê,6 tháng
2016-07-06,Giá trị GDP hiện hành,GDP danh nghĩa,1879873.0,Tỷ VNĐ,Tổng cục thống kê,6 tháng
2016-07-06,Giá trị GDP hiện hành,Nông nghiệp,295890.0,Tỷ VNĐ,Tổng cục thống kê,6 tháng
2016-07-06,Tăng trưởng thực của GDP,Công nghiệp,7.12,%,Tổng cục thống kê,6 tháng
2016-07-06,Tăng trưởng thực của GDP,Dịch vụ,6.35,%,Tổng cục thống kê,6 tháng
2016-07-06,Tăng trưởng thực của GDP,Nông nghiệp,-0.18,%,Tổng cục thống kê,6 tháng
2016-07-06,Tăng trưởng thực của GDP,Tổng GDP,5.52,%,Tổng cục thống kê,6 tháng
2017-01-03,Cơ cấu GDP  theo giá hiện tại,Công nghiệp,32.48,%,Tổng cục thống kê,9 tháng
2017-01-03,Cơ cấu GDP  theo giá hiện tại,Dịch vụ,41.8,%,Tổng cục thống kê,9 tháng
2017-01-03,Cơ cấu GDP  theo giá hiện tại,Nông nghiệp,15.54,%,Tổng cục thống kê,9 tháng
2017-01-03,Giá trị GDP (2010),Công nghiệp,706724.0,Tỷ VNĐ,,9 tháng
2017-01-03,Giá trị GDP (2010),Dịch vụ,799056.0,Tỷ VNĐ,,9 tháng
2017-01-03,Giá trị GDP (2010),GDP thực,2070880.0,Tỷ VNĐ,,9 tháng
2017-01-03,Giá trị GDP (2010),Nông nghiệp,324118.0,Tỷ VNĐ,,9 tháng
2017-01-03,Giá trị GDP hiện hành,Công nghiệp,986748.0,Tỷ VNĐ,Tổng cục thống kê,9 tháng
2017-01-03,Giá trị GDP hiện hành,Dịch vụ,1269694.0,Tỷ VNĐ,Tổng cục thống kê,9 tháng
2017-01-03,Giá trị GDP hiện hành,GDP danh nghĩa,3037828.0,Tỷ VNĐ,Tổng cục thống kê,9 tháng
2017-01-03,Giá trị GDP hiện hành,Nông nghiệp,471971.0,Tỷ VNĐ,Tổng cục thống kê,9 tháng
2017-01-03,Tăng trưởng thực của GDP,Công nghiệp,7.5,%,Tổng cục thống kê,9 tháng
2017-01-03,Tăng trưởng thực của GDP,Dịch vụ,6.66,%,Tổng cục thống kê,9 tháng
2017-01-03,Tăng trưởng thực của GDP,Nông nghiệp,0.65,%,Tổng cục thống kê,9 tháng
2017-01-03,Tăng trưởng thực của GDP,Tổng GDP,5.93,%,Tổng cục thống kê,9 tháng
2017-12-10,Cơ cấu GDP  theo giá hiện tại,Công nghiệp,34.06,%,Tổng cục thống kê,Quý 1
2017-12-10,Cơ cấu GDP  theo giá hiện tại,Dịch vụ,43.99,%,Tổng cục thống kê,Quý 1
2017-12-10,Cơ cấu GDP  theo giá hiện tại,Nông nghiệp,7.77,%,Tổng cục thống kê,Quý 1
2017-12-10,Giá trị GDP (2010),Công nghiệp,206847.0,Tỷ VNĐ,,Quý 1
2017-12-10,Giá trị GDP (2010),Dịch vụ,244194.0,Tỷ VNĐ,,Quý 1
2017-12-10,Giá trị GDP (2010),GDP thực,593170.0,Tỷ VNĐ,,Quý 1
2017-12-10,Giá trị GDP (2010),Nông nghiệp,49119.0,Tỷ VNĐ,,Quý 1
2017-12-10,Giá trị GDP hiện hành,Công nghiệp,317290.0,Tỷ VNĐ,Tổng cục thống kê,Quý 1
2017-12-10,Giá trị GDP hiện hành,Dịch vụ,409867.0,Tỷ VNĐ,Tổng cục thống kê,Quý 1
2017-12-10,Giá trị GDP hiện hành,GDP danh nghĩa,931607.0,Tỷ VNĐ,Tổng cục thống kê,Quý 1
2017-12-10,Giá trị GDP hiện hành,Nông nghiệp,72411.0,Tỷ VNĐ,Tổng cục thống kê,Quý 1
2017-12-10,Tăng trưởng thực của GDP,Công nghiệp,4.17,%,Tổng cục thống kê,Quý 1
2017-12-10,Tăng trưởng thực của GDP,Dịch vụ,6.52,%,Tổng cục thống kê,Quý 1
2017-12-10,Tăng trưởng thực của GDP,Nông nghiệp,1.38,%,Tổng cục thống kê,Quý 1
2017-12-10,Tăng trưởng thực của GDP,Tổng GDP,5.1,%,Tổng cục thống kê,Quý 1
2017-12-17,Cơ cấu GDP  theo giá hiện tại,Công nghiệp,,%,Tổng cục thống kê,Quý 2
2017-12-17,Cơ cấu GDP  theo giá hiện tại,Công nghiệp,,%,Tổng cục thống kê,Quý 2
2017-12-17,Cơ cấu GDP  theo giá hiện tại,Công nghiệp,,%,Tổng cục thống kê,Quý 2
2017-12-17,Cơ cấu GDP  theo giá hiện tại,Công nghiệp,,%,Tổng cục thống kê,Quý 3
2017-12-17,Cơ cấu GDP  theo giá hiện tại,Công nghiệp,,%,Tổng cục thống kê,Quý 3
2017-12-17,Cơ cấu GDP  theo giá hiện tại,Công nghiệp,,%,Tổng cục thống kê,Quý 3
2017-12-17,Cơ cấu GDP  theo giá hiện tại,Công nghiệp,,%,Tổng cục thống kê,Quý 4
2017-12-17,Cơ cấu GDP  theo giá hiện tại,Công nghiệp,,%,Tổng cục thống kê,Quý 4
2017-12-17,Cơ cấu GDP  theo giá hiện tại,Dịch vụ,,%,Tổng cục thống kê,Quý 2
2017-12-17,Cơ cấu GDP  theo giá hiện tại,Dịch vụ,,%,Tổng cục thống kê,Quý 2
2017-12-17,Cơ cấu GDP  theo giá hiện tại,Dịch vụ,,%,Tổng cục thống kê,Quý 2
2017-12-17,Cơ cấu GDP  theo giá hiện tại,Dịch vụ,,%,Tổng cục thống kê,Quý 3
2017-12-17,Cơ cấu GDP  theo giá hiện tại,Dịch vụ,,%,Tổng cục thống kê,Quý 3
2017-12-17,Cơ cấu GDP  theo giá hiện tại,Dịch vụ,,%,Tổng cục thống kê,Quý 3
2017-12-17,Cơ cấu GDP  theo giá hiện tại,Dịch vụ,,%,Tổng cục thống kê,Quý 4
2017-12-17,Cơ cấu GDP  theo giá hiện tại,Dịch vụ,,%,Tổng cục thống kê,Quý 4
2017-12-17,Cơ cấu GDP  theo giá hiện tại,Nông nghiệp,,%,Tổng cục thống kê,Quý 2
2017-12-17,Cơ cấu GDP  theo giá hiện tại,Nông nghiệp,,%,Tổng cục thống kê,Quý 2
2017-12-17,Cơ cấu GDP  theo giá hiện tại,Nông nghiệp,,%,Tổng cục thống kê,Quý 2
2017-12-17,Cơ cấu GDP  theo giá hiện tại,Nông nghiệp,,%,Tổng cục thống kê,Quý 3
2017-12-17,Cơ cấu GDP  theo giá hiện tại,Nông nghiệp,,%,Tổng cục thống kê,Quý 3
2017-12-17,Cơ cấu GDP  theo giá hiện tại,Nông nghiệp,,%,Tổng cục thống kê,Quý 3
2017-12-17,Cơ cấu GDP  theo giá hiện tại,Nông nghiệp,,%,Tổng cục thống kê,Quý 4
2017-12-17,Cơ cấu GDP  theo giá hiện tại,Nông nghiệp,,%,Tổng cục thống kê,Quý 4
2017-12-17,Giá trị GDP (2010),Công nghiệp,228346.0,Tỷ VNĐ,,Quý 2
2017-12-17,Giá trị GDP (2010),Công nghiệp,245730.0,Tỷ VNĐ,,Quý 2
2017-12-17,Giá trị GDP (2010),Công nghiệp,189759.0,Tỷ VNĐ,,Quý 2
2017-12-17,Giá trị GDP (2010),Công nghiệp,136556.0,Tỷ VNĐ,,Quý 3
2017-12-17,Giá trị GDP (2010),Công nghiệp,263235.0,Tỷ VNĐ,,Quý 3
2017-12-17,Giá trị GDP (2010),Công nghiệp,235636.0,Tỷ VNĐ,,Quý 3
2017-12-17,Giá trị GDP (2010),Công nghiệp,432865.0,Tỷ VNĐ,,Quý 4
2017-12-17,Giá trị GDP (2010),Công nghiệp,350084.0,Tỷ VNĐ,,Quý 4
2017-12-17,Giá trị GDP (2010),Dịch vụ,242717.0,Tỷ VNĐ,,Quý 2
2017-12-17,Giá trị GDP (2010),Dịch vụ,258729.0,Tỷ VNĐ,,Quý 2
2017-12-17,Giá trị GDP (2010),Dịch vụ,278136.0,Tỷ VNĐ,,Quý 2
2017-12-17,Giá trị GDP (2010),Dịch vụ,290347.0,Tỷ VNĐ,,Quý 3
2017-12-17,Giá trị GDP (2010),Dịch vụ,310749.0,Tỷ VNĐ,,Quý 3
2017-12-17,Giá trị GDP (2010),Dịch vụ,334750.0,Tỷ VNĐ,,Quý 3
2017-12-17,Giá trị GDP (2010),Dịch vụ,351568.0,Tỷ VNĐ,,Quý 4
2017-12-17,Giá trị GDP (2010),Dịch vụ,379087.0,Tỷ VNĐ,,Quý 4
2017-12-17,Giá trị GDP (2010),GDP thực,690305.0,Tỷ VNĐ,,Quý 2
2017-12-17,Giá trị GDP (2010),GDP thực,728713.0,Tỷ VNĐ,,Quý 2
2017-12-17,Giá trị GDP (2010),GDP thực,775495.0,Tỷ VNĐ,,Quý 2
2017-12-17,Giá trị GDP (2010),GDP thực,729625.0,Tỷ VNĐ,,Quý 3
2017-12-17,Giá trị GDP (2010),GDP thực,777912.0,Tỷ VNĐ,,Quý 3
2017-12-17,Giá trị GDP (2010),GDP thực,836270.0,Tỷ VNĐ,,Quý 3
2017-12-17,Giá trị GDP (2010),GDP thực,921353.0,Tỷ VNĐ,,Quý 4
2017-12-17,Giá trị GDP (2010),GDP thực,983590.0,Tỷ VNĐ,,Quý 4
2017-12-17,Giá trị GDP (2010),Nông nghiệp,143003.0,Tỷ VNĐ,,Quý 2
2017-12-17,Giá trị GDP (2010),Nông nghiệp,143095.0,Tỷ VNĐ,,Quý 2
2017-12-17,Giá trị GDP (2010),Nông nghiệp,117499.0,Tỷ VNĐ,,Quý 2
2017-12-17,Giá trị GDP (2010),Nông nghiệp,35340.0,Tỷ VNĐ,,Quý 3
2017-12-17,Giá trị GDP (2010),Nông nghiệp,114837.0,Tỷ VNĐ,,Quý 3
2017-12-17,Giá trị GDP (2010),Nông nghiệp,83555.0,Tỷ VNĐ,,Quý 3
2017-12-17,Giá trị GDP (2010),Nông nghiệp,106641.0,Tỷ VNĐ,,Quý 4
2017-12-17,Giá trị GDP (2010),Nông nghiệp,30340.0,Tỷ VNĐ,,Quý 4
2017-12-17,Giá trị GDP hiện hành,Công nghiệp,313596.0,Tỷ VNĐ,Tổng cục thống kê,Quý 2
2017-12-17,Giá trị GDP hiện hành,Công nghiệp,328145.0,Tỷ VNĐ,Tổng cục thống kê,Quý 2
2017-12-17,Giá trị GDP hiện hành,Công nghiệp,357152.0,Tỷ VNĐ,Tổng cục thống kê,Quý 2
2017-12-17,Giá trị GDP hiện hành,Công nghiệp,205693.0,Tỷ VNĐ,Tổng cục thống kê,Quý 3
2017-12-17,Giá trị GDP hiện hành,Công nghiệp,367494.0,Tỷ VNĐ,Tổng cục thống kê,Quý 3
2017-12-17,Giá trị GDP hiện hành,Công nghiệp,408128.0,Tỷ VNĐ,Tổng cục thống kê,Quý 3
2017-12-17,Giá trị GDP hiện hành,Công nghiệp,593325.0,Tỷ VNĐ,Tổng cục thống kê,Quý 4
2017-12-17,Giá trị GDP hiện hành,Công nghiệp,486323.16,Tỷ VNĐ,Tổng cục thống kê,Quý 4
2017-12-17,Giá trị GDP hiện hành,Dịch vụ,363042.0,Tỷ VNĐ,Tổng cục thống kê,Quý 2
2017-12-17,Giá trị GDP hiện hành,Dịch vụ,400001.0,Tỷ VNĐ,Tổng cục thống kê,Quý 2
2017-12-17,Giá trị GDP hiện hành,Dịch vụ,451589.0,Tỷ VNĐ,Tổng cục thống kê,Quý 2
2017-12-17,Giá trị GDP hiện hành,Dịch vụ,450838.0,Tỷ VNĐ,Tổng cục thống kê,Quý 3
2017-12-17,Giá trị GDP hiện hành,Dịch vụ,498847.0,Tỷ VNĐ,Tổng cục thống kê,Quý 3
2017-12-17,Giá trị GDP hiện hành,Dịch vụ,560008.0,Tỷ VNĐ,Tổng cục thống kê,Quý 3
2017-12-17,Giá trị GDP hiện hành,Dịch vụ,510460.0,Tỷ VNĐ,Tổng cục thống kê,Quý 4
2017-12-17,Giá trị GDP hiện hành,Dịch vụ,573034.5,Tỷ VNĐ,Tổng cục thống kê,Quý 4
2017-12-17,Giá trị GDP hiện hành,GDP danh nghĩa,970287.0,Tỷ VNĐ,Tổng cục thống kê,Quý 2
2017-12-17,Giá trị GDP hiện hành,GDP danh nghĩa,1029558.0,Tỷ VNĐ,Tổng cục thống kê,Quý 2
2017-12-17,Giá trị GDP hiện hành,GDP danh nghĩa,1127215.0,Tỷ VNĐ,Tổng cục thống kê,Quý 2
2017-12-17,Giá trị GDP hiện hành,GDP danh nghĩa,1072220.0,Tỷ VNĐ,Tổng cục thống kê,Quý 3
2017-12-17,Giá trị GDP hiện hành,GDP danh nghĩa,1157955.0,Tỷ VNĐ,Tổng cục thống kê,Quý 3
2017-12-17,Giá trị GDP hiện hành,GDP danh nghĩa,1272433.0,Tỷ VNĐ,Tổng cục thống kê,Quý 3
2017-12-17,Giá trị GDP hiện hành,GDP danh nghĩa,1341472.0,Tỷ VNĐ,Tổng cục thống kê,Quý 4
2017-12-17,Giá trị GDP hiện hành,GDP danh nghĩa,1464904.99,Tỷ VNĐ,Tổng cục thống kê,Quý 4
2017-12-17,Giá trị GDP hiện hành,Nông nghiệp,197829.0,Tỷ VNĐ,Tổng cục thống kê,Quý 2
2017-12-17,Giá trị GDP hiện hành,Nông nghiệp,198637.0,Tỷ VNĐ,Tổng cục thống kê,Quý 2
2017-12-17,Giá trị GDP hiện hành,Nông nghiệp,159903.0,Tỷ VNĐ,Tổng cục thống kê,Quý 2
2017-12-17,Giá trị GDP hiện hành,Nông nghiệp,50741.0,Tỷ VNĐ,Tổng cục thống kê,Quý 3
2017-12-17,Giá trị GDP hiện hành,Nông nghiệp,176081.0,Tỷ VNĐ,Tổng cục thống kê,Quý 3
2017-12-17,Giá trị GDP hiện hành,Nông nghiệp,122166.0,Tỷ VNĐ,Tổng cục thống kê,Quý 3
2017-12-17,Giá trị GDP hiện hành,Nông nghiệp,185177.0,Tỷ VNĐ,Tổng cục thống kê,Quý 4
2017-12-17,Giá trị GDP hiện hành,Nông nghiệp,262858.89,Tỷ VNĐ,Tổng cục thống kê,Quý 4
2017-12-17,Tăng trưởng thực của GDP,Công nghiệp,,%,Tổng cục thống kê,Quý 2
2017-12-17,Tăng trưởng thực của GDP,Công nghiệp,,%,Tổng cục thống kê,Quý 2
2017-12-17,Tăng trưởng thực của GDP,Công nghiệp,,%,Tổng cục thống kê,Quý 2
2017-12-17,Tăng trưởng thực của GDP,Công nghiệp,,%,Tổng cục thống kê,Quý 3
2017-12-17,Tăng trưởng thực của GDP,Công nghiệp,,%,Tổng cục thống kê,Quý 3
2017-12-17,Tăng trưởng thực của GDP,Công nghiệp,,%,Tổng cục thống kê,Quý 3
2017-12-17,Tăng trưởng thực của GDP,Công nghiệp,,%,Tổng cục thống kê,Quý 4
2017-12-17,Tăng trưởng thực của GDP,Công nghiệp,,%,Tổng cục thống kê,Quý 4
2017-12-17,Tăng trưởng thực của GDP,Dịch vụ,,%,Tổng cục thống kê,Quý 2
2017-12-17,Tăng trưởng thực của GDP,Dịch vụ,,%,Tổng cục thống kê,Quý 2
2017-12-17,Tăng trưởng thực của GDP,Dịch vụ,,%,Tổng cục thống kê,Quý 2
2017-12-17,Tăng trưởng thực của GDP,Dịch vụ,,%,Tổng cục thống kê,Quý 3
2017-12-17,Tăng trưởng thực của GDP,Dịch vụ,,%,Tổng cục thống kê,Quý 3
2017-12-17,Tăng trưởng thực của GDP,Dịch vụ,,%,Tổng cục thống kê,Quý 3
2017-12-17,Tăng trưởng thực của GDP,Dịch vụ,,%,Tổng cục thống kê,Quý 4
2017-12-17,Tăng trưởng thực của GDP,Dịch vụ,,%,Tổng cục thống kê,Quý 4
2017-12-17,Tăng trưởng thực của GDP,Nông nghiệp,,%,Tổng cục thống kê,Quý 2
2017-12-17,Tăng trưởng thực của GDP,Nông nghiệp,,%,Tổng cục thống kê,Quý 2
2017-12-17,Tăng trưởng thực của GDP,Nông nghiệp,,%,Tổng cục thống kê,Quý 2
2017-12-17,Tăng trưởng thực của GDP,Nông nghiệp,,%,Tổng cục thống kê,Quý 3
2017-12-17,Tăng trưởng thực của GDP,Nông nghiệp,,%,Tổng cục thống kê,Quý 3
2017-12-17,Tăng trưởng thực của GDP,Nông nghiệp,,%,Tổng cục thống kê,Quý 3
2017-12-17,Tăng trưởng thực của GDP,Nông nghiệp,,%,Tổng cục thống kê,Quý 4
2017-12-17,Tăng trưởng thực của GDP,Nông nghiệp,,%,Tổng cục thống kê,Quý 4
2017-12-17,Tăng trưởng thực của GDP,Tổng GDP,,%,Tổng cục thống kê,Quý 2
2017-12-17,Tăng trưởng thực của GDP,Tổng GDP,,%,Tổng cục thống kê,Quý 2
2017-12-17,Tăng trưởng thực của GDP,Tổng GDP,6.17,%,Tổng cục thống kê,Quý 2
2017-12-17,Tăng trưởng thực của GDP,Tổng GDP,,%,Tổng cục thống kê,Quý 3
2017-12-17,Tăng trưởng thực của GDP,Tổng GDP,,%,Tổng cục thống kê,Quý 3
2017-12-17,Tăng trưởng thực của GDP,Tổng GDP,7.46,%,Tổng cục thống kê,Quý 3
2017-12-17,Tăng trưởng thực của GDP,Tổng GDP,,%,Tổng cục thống kê,Quý 4
2017-12-17,Tăng trưởng thực của GDP,Tổng GDP,,%,Tổng cục thống kê,Quý 4
2018-12-02,Cơ cấu GDP  theo giá hiện tại,Công nghiệp,35.26,%,Tổng cục thống kê,Quý 1
2018-12-02,Cơ cấu GDP  theo giá hiện tại,Công nghiệp,32.5,%,Tổng cục thống kê,Quý 2
2018-12-02,Cơ cấu GDP  theo giá hiện tại,Công nghiệp,32.94,%,Tổng cục thống kê,Quý 3
2018-12-02,Cơ cấu GDP  theo giá hiện tại,Công nghiệp,,%,Tổng cục thống kê,Quý 4
2018-12-02,Cơ cấu GDP  theo giá hiện tại,Dịch vụ,43.77,%,Tổng cục thống kê,Quý 1
2018-12-02,Cơ cấu GDP  theo giá hiện tại,Dịch vụ,40.2,%,Tổng cục thống kê,Quý 2
2018-12-02,Cơ cấu GDP  theo giá hiện tại,Dịch vụ,43.74,%,Tổng cục thống kê,Quý 3
2018-12-02,Cơ cấu GDP  theo giá hiện tại,Dịch vụ,,%,Tổng cục thống kê,Quý 4
2018-12-02,Cơ cấu GDP  theo giá hiện tại,Nông nghiệp,10.34,%,Tổng cục thống kê,Quý 1
2018-12-02,Cơ cấu GDP  theo giá hiện tại,Nông nghiệp,17.3,%,Tổng cục thống kê,Quý 2
2018-12-02,Cơ cấu GDP  theo giá hiện tại,Nông nghiệp,13.61,%,Tổng cục thống kê,Quý 3
2018-12-02,Cơ cấu GDP  theo giá hiện tại,Nông nghiệp,,%,Tổng cục thống kê,Quý 4
2018-12-02,Giá trị GDP (2010),Công nghiệp,227596.0,Tỷ VNĐ,,Quý 1
2018-12-02,Giá trị GDP (2010),Công nghiệp,285311.3,Tỷ VNĐ,,Quý 2
2018-12-02,Giá trị GDP (2010),Công nghiệp,313178.98,Tỷ VNĐ,,Quý 3
2018-12-02,Giá trị GDP (2010),Công nghiệp,382755.0,Tỷ VNĐ,,Quý 4
2018-12-02,Giá trị GDP (2010),Dịch vụ,260157.0,Tỷ VNĐ,,Quý 1
2018-12-02,Giá trị GDP (2010),Dịch vụ,298528.4,Tỷ VNĐ,,Quý 2
2018-12-02,Giá trị GDP (2010),Dịch vụ,356052.64,Tỷ VNĐ,,Quý 3
2018-12-02,Giá trị GDP (2010),Dịch vụ,408740.0,Tỷ VNĐ,,Quý 4
2018-12-02,Giá trị GDP (2010),GDP thực,637244.0,Tỷ VNĐ,,Quý 1
2018-12-02,Giá trị GDP (2010),GDP thực,828850.8,Tỷ VNĐ,,Quý 2
2018-12-02,Giá trị GDP (2010),GDP thực,891879.79,Tỷ VNĐ,,Quý 3
2018-12-02,Giá trị GDP (2010),GDP thực,1057613.0,Tỷ VNĐ,,Quý 4
2018-12-02,Giá trị GDP (2010),Nông nghiệp,70244.0,Tỷ VNĐ,,Quý 1
2018-12-02,Giá trị GDP (2010),Nông nghiệp,152738.3,Tỷ VNĐ,,Quý 2
2018-12-02,Giá trị GDP (2010),Nông nghiệp,122608.94,Tỷ VNĐ,,Quý 3
2018-12-02,Giá trị GDP (2010),Nông nghiệp,149364.0,Tỷ VNĐ,,Quý 4
2018-12-02,Giá trị GDP hiện hành,Công nghiệp,362500.0,Tỷ VNĐ,Tổng cục thống kê,Quý 1
2018-12-02,Giá trị GDP hiện hành,Công nghiệp,465898.4,Tỷ VNĐ,Tổng cục thống kê,Quý 2
2018-12-02,Giá trị GDP hiện hành,Công nghiệp,404299.0,Tỷ VNĐ,Tổng cục thống kê,Quý 3
2018-12-02,Giá trị GDP hiện hành,Công nghiệp,586998.0,Tỷ VNĐ,Tổng cục thống kê,Quý 4
2018-12-02,Giá trị GDP hiện hành,Dịch vụ,449923.0,Tỷ VNĐ,Tổng cục thống kê,Quý 1
2018-12-02,Giá trị GDP hiện hành,Dịch vụ,499420.0,Tỷ VNĐ,Tổng cục thống kê,Quý 2
2018-12-02,Giá trị GDP hiện hành,Dịch vụ,618499.0,Tỷ VNĐ,Tổng cục thống kê,Quý 3
2018-12-02,Giá trị GDP hiện hành,Dịch vụ,648102.0,Tỷ VNĐ,Tổng cục thống kê,Quý 4
2018-12-02,Giá trị GDP hiện hành,GDP danh nghĩa,1027928.0,Tỷ VNĐ,Tổng cục thống kê,Quý 1
2018-12-02,Giá trị GDP hiện hành,GDP danh nghĩa,1414236.5,Tỷ VNĐ,Tổng cục thống kê,Quý 2
2018-12-02,Giá trị GDP hiện hành,GDP danh nghĩa,1242220.0,Tỷ VNĐ,Tổng cục thống kê,Quý 3
2018-12-02,Giá trị GDP hiện hành,GDP danh nghĩa,1676602.0,Tỷ VNĐ,Tổng cục thống kê,Quý 4
2018-12-02,Giá trị GDP hiện hành,Nông nghiệp,106260.0,Tỷ VNĐ,Tổng cục thống kê,Quý 1
2018-12-02,Giá trị GDP hiện hành,Nông nghiệp,215092.0,Tỷ VNĐ,Tổng cục thống kê,Quý 2
2018-12-02,Giá trị GDP hiện hành,Nông nghiệp,192510.3,Tỷ VNĐ,Tổng cục thống kê,Quý 3
2018-12-02,Giá trị GDP hiện hành,Nông nghiệp,279932.0,Tỷ VNĐ,Tổng cục thống kê,Quý 4
2018-12-02,Tăng trưởng thực của GDP,Công nghiệp,9.7,%,Tổng cục thống kê,Quý 1
2018-12-02,Tăng trưởng thực của GDP,Công nghiệp,,%,Tổng cục thống kê,Quý 2
2018-12-02,Tăng trưởng thực của GDP,Công nghiệp,8.61,%,Tổng cục thống kê,Quý 3
2018-12-02,Tăng trưởng thực của GDP,Công nghiệp,,%,Tổng cục thống kê,Quý 4
2018-12-02,Tăng trưởng thực của GDP,Dịch vụ,6.7,%,Tổng cục thống kê,Quý 1
2018-12-02,Tăng trưởng thực của GDP,Dịch vụ,,%,Tổng cục thống kê,Quý 2
2018-12-02,Tăng trưởng thực của GDP,Dịch vụ,6.87,%,Tổng cục thống kê,Quý 3
2018-12-02,Tăng trưởng thực của GDP,Dịch vụ,,%,Tổng cục thống kê,Quý 4
2018-12-02,Tăng trưởng thực của GDP,Nông nghiệp,4.05,%,Tổng cục thống kê,Quý 1
2018-12-02,Tăng trưởng thực của GDP,Nông nghiệp,,%,Tổng cục thống kê,Quý 2
2018-12-02,Tăng trưởng thực của GDP,Nông nghiệp,3.46,%,Tổng cục thống kê,Quý 3
2018-12-02,Tăng trưởng thực của GDP,Nông nghiệp,,%,Tổng cục thống kê,Quý 4
2018-12-02,Tăng trưởng thực của GDP,Tổng GDP,7.38,%,Tổng cục thống kê,Quý 1
2018-12-02,Tăng trưởng thực của GDP,Tổng GDP,6.79,%,Tổng cục thống kê,Quý 2
2018-12-02,Tăng trưởng thực của GDP,Tổng GDP,6.88,%,Tổng cục thống kê,Quý 3
2018-12-02,Tăng trưởng thực của GDP,Tổng GDP,,%,Tổng cục thống kê,Quý 4
2018-12-26,Cơ cấu GDP  theo giá hiện tại,Công nghiệp,35.82,%,Tổng cục thống kê,Quý 4
2018-12-26,Cơ cấu GDP  theo giá hiện tại,Dịch vụ,38.5,%,Tổng cục thống kê,Quý 4
2018-12-26,Cơ cấu GDP  theo giá hiện tại,Nông nghiệp,15.83,%,Tổng cục thống kê,Quý 4
2018-12-26,Giá trị GDP (2010),Công nghiệp,415876.0,Tỷ VNĐ,,Quý 4
2018-12-26,Giá trị GDP (2010),Dịch vụ,440185.0,Tỷ VNĐ,,Quý 4
2018-12-26,Giá trị GDP (2010),GDP thực,1134963.0,Tỷ VNĐ,,Quý 4
2018-12-26,Giá trị GDP (2010),Nông nghiệp,154845.0,Tỷ VNĐ,,Quý 4
2018-12-26,Giá trị GDP hiện hành,Công nghiệp,663357.0,Tỷ VNĐ,Tổng cục thống kê,Quý 4
2018-12-26,Giá trị GDP hiện hành,Dịch vụ,713029.0,Tỷ VNĐ,Tổng cục thống kê,Quý 4
2018-12-26,Giá trị GDP hiện hành,GDP danh nghĩa,1851928.0,Tỷ VNĐ,Tổng cục thống kê,Quý 4
2018-12-26,Giá trị GDP hiện hành,Nông nghiệp,293080.0,Tỷ VNĐ,Tổng cục thống kê,Quý 4
2018-12-26,Tăng trưởng thực của GDP,Công nghiệp,8.65,%,Tổng cục thống kê,Quý 4
2018-12-26,Tăng trưởng thực của GDP,Dịch vụ,7.61,%,Tổng cục thống kê,Quý 4
2018-12-26,Tăng trưởng thực của GDP,Nông nghiệp,3.9,%,Tổng cục thống kê,Quý 4
2018-12-26,Tăng trưởng thực của GDP,Tổng GDP,7.31,%,Tổng cục thống kê,Quý 4
2019-03-28,Cơ cấu GDP  theo giá hiện tại,Công nghiệp,35.25,%,Tổng cục thống kê,Quý 1
2019-03-28,Cơ cấu GDP  theo giá hiện tại,Dịch vụ,44.04,%,Tổng cục thống kê,Quý 1
2019-03-28,Cơ cấu GDP  theo giá hiện tại,Nông nghiệp,10.16,%,Tổng cục thống kê,Quý 1
2019-03-28,Giá trị GDP (2010),Công nghiệp,247733.0,Tỷ VNĐ,,Quý 1
2019-03-28,Giá trị GDP (2010),Dịch vụ,276919.0,Tỷ VNĐ,,Quý 1
2019-03-28,Giá trị GDP (2010),GDP thực,681010.0,Tỷ VNĐ,,Quý 1
2019-03-28,Giá trị GDP (2010),Nông nghiệp,72261.0,Tỷ VNĐ,,Quý 1
2019-03-28,Giá trị GDP hiện hành,Công nghiệp,393671.0,Tỷ VNĐ,Tổng cục thống kê,Quý 1
2019-03-28,Giá trị GDP hiện hành,Dịch vụ,491778.0,Tỷ VNĐ,Tổng cục thống kê,Quý 1
2019-03-28,Giá trị GDP hiện hành,GDP danh nghĩa,1116680.0,Tỷ VNĐ,Tổng cục thống kê,Quý 1
2019-03-28,Giá trị GDP hiện hành,Nông nghiệp,113401.0,Tỷ VNĐ,Tổng cục thống kê,Quý 1
2019-03-28,Tăng trưởng thực của GDP,Công nghiệp,8.63,%,Tổng cục thống kê,Quý 1
2019-03-28,Tăng trưởng thực của GDP,Dịch vụ,6.5,%,Tổng cục thống kê,Quý 1
2019-03-28,Tăng trưởng thực của GDP,Nông nghiệp,2.68,%,Tổng cục thống kê,Quý 1
2019-03-28,Tăng trưởng thực của GDP,Tổng GDP,6.79,%,Tổng cục thống kê,Quý 1
2019-06-27,Cơ cấu GDP  theo giá hiện tại,Công nghiệp,33.29,%,Tổng cục thống kê,Quý 2
2019-06-27,Cơ cấu GDP  theo giá hiện tại,Dịch vụ,40.44,%,Tổng cục thống kê,Quý 2
2019-06-27,Cơ cấu GDP  theo giá hiện tại,Nông nghiệp,16.33,%,Tổng cục thống kê,Quý 2
2019-06-27,Giá trị GDP (2010),Công nghiệp,311394.0,Tỷ VNĐ,,Quý 2
2019-06-27,Giá trị GDP (2010),Dịch vụ,318984.0,Tỷ VNĐ,,Quý 2
2019-06-27,Giá trị GDP (2010),GDP thực,884508.0,Tỷ VNĐ,,Quý 2
2019-06-27,Giá trị GDP (2010),Nông nghiệp,156090.0,Tỷ VNĐ,,Quý 2
2019-06-27,Giá trị GDP hiện hành,Công nghiệp,455082.0,Tỷ VNĐ,Tổng cục thống kê,Quý 2
2019-06-27,Giá trị GDP hiện hành,Dịch vụ,552806.0,Tỷ VNĐ,Tổng cục thống kê,Quý 2
2019-06-27,Giá trị GDP hiện hành,GDP danh nghĩa,1366899.0,Tỷ VNĐ,Tổng cục thống kê,Quý 2
2019-06-27,Giá trị GDP hiện hành,Nông nghiệp,223202.0,Tỷ VNĐ,Tổng cục thống kê,Quý 2
2019-06-27,Tăng trưởng thực của GDP,Công nghiệp,9.14,%,Tổng cục thống kê,Quý 2
2019-06-27,Tăng trưởng thực của GDP,Dịch vụ,6.85,%,Tổng cục thống kê,Quý 2
2019-06-27,Tăng trưởng thực của GDP,Nông nghiệp,2.19,%,Tổng cục thống kê,Quý 2
2019-06-27,Tăng trưởng thực của GDP,Tổng GDP,6.71,%,Tổng cục thống kê,Quý 2
2019-09-29,Cơ cấu GDP  theo giá hiện tại,Công nghiệp,33.63,%,Tổng cục thống kê,Quý 3
2019-09-29,Cơ cấu GDP  theo giá hiện tại,Dịch vụ,43.89,%,Tổng cục thống kê,Quý 3
2019-09-29,Cơ cấu GDP  theo giá hiện tại,Nông nghiệp,12.65,%,Tổng cục thống kê,Quý 3
2019-09-29,Giá trị GDP (2010),Công nghiệp,344648.0,Tỷ VNĐ,,Quý 3
2019-09-29,Giá trị GDP (2010),Dịch vụ,381359.0,Tỷ VNĐ,,Quý 3
2019-09-29,Giá trị GDP (2010),GDP thực,957109.0,Tỷ VNĐ,,Quý 3
2019-09-29,Giá trị GDP (2010),Nông nghiệp,124487.0,Tỷ VNĐ,,Quý 3
2019-09-29,Giá trị GDP hiện hành,Công nghiệp,517564.0,Tỷ VNĐ,Tổng cục thống kê,Quý 3
2019-09-29,Giá trị GDP hiện hành,Dịch vụ,675535.0,Tỷ VNĐ,Tổng cục thống kê,Quý 3
2019-09-29,Giá trị GDP hiện hành,GDP danh nghĩa,1539114.0,Tỷ VNĐ,Tổng cục thống kê,Quý 3
2019-09-29,Giá trị GDP hiện hành,Nông nghiệp,194675.0,Tỷ VNĐ,Tổng cục thống kê,Quý 3
2019-09-29,Tăng trưởng thực của GDP,Công nghiệp,10.05,%,Tổng cục thống kê,Quý 3
2019-09-29,Tăng trưởng thực của GDP,Dịch vụ,7.11,%,Tổng cục thống kê,Quý 3
2019-09-29,Tăng trưởng thực của GDP,Nông nghiệp,1.53,%,Tổng cục thống kê,Quý 3
2019-09-29,Tăng trưởng thực của GDP,Tổng GDP,7.31,%,Tổng cục thống kê,Quý 3
2019-11-06,Cơ cấu GDP  theo giá hiện tại,Công nghiệp,32.76,%,Tổng cục thống kê,6 tháng
2019-11-06,Cơ cấu GDP  theo giá hiện tại,Công nghiệp,33.78,%,Tổng cục thống kê,6 tháng
2019-11-06,Cơ cấu GDP  theo giá hiện tại,Công nghiệp,34.2,%,Tổng cục thống kê,6 tháng
2019-11-06,Cơ cấu GDP  theo giá hiện tại,Công nghiệp,32.5,%,Tổng cục thống kê,9 tháng
2019-11-06,Cơ cấu GDP  theo giá hiện tại,Công nghiệp,33.49,%,Tổng cục thống kê,9 tháng
2019-11-06,Cơ cấu GDP  theo giá hiện tại,Công nghiệp,33.98,%,Tổng cục thống kê,9 tháng
2019-11-06,Cơ cấu GDP  theo giá hiện tại,Dịch vụ,41.84,%,Tổng cục thống kê,6 tháng
2019-11-06,Cơ cấu GDP  theo giá hiện tại,Dịch vụ,41.82,%,Tổng cục thống kê,6 tháng
2019-11-06,Cơ cấu GDP  theo giá hiện tại,Dịch vụ,42.04,%,Tổng cục thống kê,6 tháng
2019-11-06,Cơ cấu GDP  theo giá hiện tại,Dịch vụ,42.67,%,Tổng cục thống kê,9 tháng
2019-11-06,Cơ cấu GDP  theo giá hiện tại,Dịch vụ,42.54,%,Tổng cục thống kê,9 tháng
2019-11-06,Cơ cấu GDP  theo giá hiện tại,Dịch vụ,42.74,%,Tổng cục thống kê,9 tháng
2019-11-06,Cơ cấu GDP  theo giá hiện tại,Nông nghiệp,15.06,%,Tổng cục thống kê,6 tháng
2019-11-06,Cơ cấu GDP  theo giá hiện tại,Nông nghiệp,14.15,%,Tổng cục thống kê,6 tháng
2019-11-06,Cơ cấu GDP  theo giá hiện tại,Nông nghiệp,13.55,%,Tổng cục thống kê,6 tháng
2019-11-06,Cơ cấu GDP  theo giá hiện tại,Nông nghiệp,14.66,%,Tổng cục thống kê,9 tháng
2019-11-06,Cơ cấu GDP  theo giá hiện tại,Nông nghiệp,13.93,%,Tổng cục thống kê,9 tháng
2019-11-06,Cơ cấu GDP  theo giá hiện tại,Nông nghiệp,13.2,%,Tổng cục thống kê,9 tháng
2019-11-06,Giá trị GDP (2010),Công nghiệp,470314.0,Tỷ VNĐ,,6 tháng
2019-11-06,Giá trị GDP (2010),Công nghiệp,513350.0,Tỷ VNĐ,,6 tháng
2019-11-06,Giá trị GDP (2010),Công nghiệp,559224.0,Tỷ VNĐ,,6 tháng
2019-11-06,Giá trị GDP (2010),Công nghiệp,758614.0,Tỷ VNĐ,,9 tháng
2019-11-06,Giá trị GDP (2010),Công nghiệp,826087.5,Tỷ VNĐ,,9 tháng
2019-11-06,Giá trị GDP (2010),Công nghiệp,903873.0,Tỷ VNĐ,,9 tháng
2019-11-06,Giá trị GDP (2010),Dịch vụ,522330.0,Tỷ VNĐ,,6 tháng
2019-11-06,Giá trị GDP (2010),Dịch vụ,558608.0,Tỷ VNĐ,,6 tháng
2019-11-06,Giá trị GDP (2010),Dịch vụ,595903.0,Tỷ VNĐ,,6 tháng
2019-11-06,Giá trị GDP (2010),Dịch vụ,857080.0,Tỷ VNĐ,,9 tháng
2019-11-06,Giá trị GDP (2010),Dịch vụ,915734.7,Tỷ VNĐ,,9 tháng
2019-11-06,Giá trị GDP (2010),Dịch vụ,977261.0,Tỷ VNĐ,,9 tháng
2019-11-06,Giá trị GDP (2010),GDP thực,1368665.0,Tỷ VNĐ,,6 tháng
2019-11-06,Giá trị GDP (2010),GDP thực,1466960.0,Tỷ VNĐ,,6 tháng
2019-11-06,Giá trị GDP (2010),GDP thực,1565704.0,Tỷ VNĐ,,6 tháng
2019-11-06,Giá trị GDP (2010),GDP thực,2204935.0,Tỷ VNĐ,,9 tháng
2019-11-06,Giá trị GDP (2010),GDP thực,2358942.5,Tỷ VNĐ,,9 tháng
2019-11-06,Giá trị GDP (2010),GDP thực,2522978.0,Tỷ VNĐ,,9 tháng
2019-11-06,Giá trị GDP (2010),Nông nghiệp,214835.0,Tỷ VNĐ,,6 tháng
2019-11-06,Giá trị GDP (2010),Nông nghiệp,223482.0,Tỷ VNĐ,,6 tháng
2019-11-06,Giá trị GDP (2010),Nông nghiệp,228440.0,Tỷ VNĐ,,6 tháng
2019-11-06,Giá trị GDP (2010),Nông nghiệp,333053.0,Tỷ VNĐ,,9 tháng
2019-11-06,Giá trị GDP (2010),Nông nghiệp,345561.1,Tỷ VNĐ,,9 tháng
2019-11-06,Giá trị GDP (2010),Nông nghiệp,352698.0,Tỷ VNĐ,,9 tháng
2019-11-06,Giá trị GDP hiện hành,Công nghiệp,674442.0,Tỷ VNĐ,Tổng cục thống kê,6 tháng
2019-11-06,Giá trị GDP hiện hành,Công nghiệp,766799.0,Tỷ VNĐ,Tổng cục thống kê,6 tháng
2019-11-06,Giá trị GDP hiện hành,Công nghiệp,849830.0,Tỷ VNĐ,Tổng cục thống kê,6 tháng
2019-11-06,Giá trị GDP hiện hành,Công nghiệp,1082570.0,Tỷ VNĐ,Tổng cục thống kê,9 tháng
2019-11-06,Giá trị GDP hiện hành,Công nghiệp,1234019.9,Tỷ VNĐ,Tổng cục thống kê,9 tháng
2019-11-06,Giá trị GDP hiện hành,Công nghiệp,1367394.0,Tỷ VNĐ,Tổng cục thống kê,9 tháng
2019-11-06,Giá trị GDP hiện hành,Dịch vụ,861456.0,Tỷ VNĐ,Tổng cục thống kê,6 tháng
2019-11-06,Giá trị GDP hiện hành,Dịch vụ,949343.0,Tỷ VNĐ,Tổng cục thống kê,6 tháng
2019-11-06,Giá trị GDP hiện hành,Dịch vụ,1044588.0,Tỷ VNĐ,Tổng cục thống kê,6 tháng
2019-11-06,Giá trị GDP hiện hành,Dịch vụ,1421464.0,Tỷ VNĐ,Tổng cục thống kê,9 tháng
2019-11-06,Giá trị GDP hiện hành,Dịch vụ,1567772.2,Tỷ VNĐ,Tổng cục thống kê,9 tháng
2019-11-06,Giá trị GDP hiện hành,Dịch vụ,1720123.0,Tỷ VNĐ,Tổng cục thống kê,9 tháng
2019-11-06,Giá trị GDP hiện hành,GDP danh nghĩa,2058822.0,Tỷ VNĐ,Tổng cục thống kê,6 tháng
2019-11-06,Giá trị GDP hiện hành,GDP danh nghĩa,2270148.0,Tỷ VNĐ,Tổng cục thống kê,6 tháng
2019-11-06,Giá trị GDP hiện hành,GDP danh nghĩa,2484918.0,Tỷ VNĐ,Tổng cục thống kê,6 tháng
2019-11-06,Giá trị GDP hiện hành,GDP danh nghĩa,3331255.0,Tỷ VNĐ,Tổng cục thống kê,9 tháng
2019-11-06,Giá trị GDP hiện hành,GDP danh nghĩa,3685130.3,Tỷ VNĐ,Tổng cục thống kê,9 tháng
2019-11-06,Giá trị GDP hiện hành,GDP danh nghĩa,4024265.0,Tỷ VNĐ,Tổng cục thống kê,9 tháng
2019-11-06,Giá trị GDP hiện hành,Nông nghiệp,310045.0,Tỷ VNĐ,Tổng cục thống kê,6 tháng
2019-11-06,Giá trị GDP hiện hành,Nông nghiệp,321352.0,Tỷ VNĐ,Tổng cục thống kê,6 tháng
2019-11-06,Giá trị GDP hiện hành,Nông nghiệp,336753.0,Tỷ VNĐ,Tổng cục thống kê,6 tháng
2019-11-06,Giá trị GDP hiện hành,Nông nghiệp,488229.0,Tỷ VNĐ,Tổng cục thống kê,9 tháng
2019-11-06,Giá trị GDP hiện hành,Nông nghiệp,513355.6,Tỷ VNĐ,Tổng cục thống kê,9 tháng
2019-11-06,Giá trị GDP hiện hành,Nông nghiệp,531111.0,Tỷ VNĐ,Tổng cục thống kê,9 tháng
2019-11-06,Tăng trưởng thực của GDP,Công nghiệp,5.81,%,Tổng cục thống kê,6 tháng
2019-11-06,Tăng trưởng thực của GDP,Công nghiệp,9.07,%,Tổng cục thống kê,6 tháng
2019-11-06,Tăng trưởng thực của GDP,Công nghiệp,8.93,%,Tổng cục thống kê,6 tháng
2019-11-06,Tăng trưởng thực của GDP,Công nghiệp,7.17,%,Tổng cục thống kê,9 tháng
2019-11-06,Tăng trưởng thực của GDP,Công nghiệp,8.89,%,Tổng cục thống kê,9 tháng
2019-11-06,Tăng trưởng thực của GDP,Công nghiệp,9.36,%,Tổng cục thống kê,9 tháng
2019-11-06,Tăng trưởng thực của GDP,Dịch vụ,6.85,%,Tổng cục thống kê,6 tháng
2019-11-06,Tăng trưởng thực của GDP,Dịch vụ,6.9,%,Tổng cục thống kê,6 tháng
2019-11-06,Tăng trưởng thực của GDP,Dịch vụ,6.69,%,Tổng cục thống kê,6 tháng
2019-11-06,Tăng trưởng thực của GDP,Dịch vụ,7.25,%,Tổng cục thống kê,9 tháng
2019-11-06,Tăng trưởng thực của GDP,Dịch vụ,6.89,%,Tổng cục thống kê,9 tháng
2019-11-06,Tăng trưởng thực của GDP,Dịch vụ,6.85,%,Tổng cục thống kê,9 tháng
2019-11-06,Tăng trưởng thực của GDP,Nông nghiệp,2.65,%,Tổng cục thống kê,6 tháng
2019-11-06,Tăng trưởng thực của GDP,Nông nghiệp,3.93,%,Tổng cục thống kê,6 tháng
2019-11-06,Tăng trưởng thực của GDP,Nông nghiệp,2.39,%,Tổng cục thống kê,6 tháng
2019-11-06,Tăng trưởng thực của GDP,Nông nghiệp,2.78,%,Tổng cục thống kê,9 tháng
2019-11-06,Tăng trưởng thực của GDP,Nông nghiệp,3.65,%,Tổng cục thống kê,9 tháng
2019-11-06,Tăng trưởng thực của GDP,Nông nghiệp,2.02,%,Tổng cục thống kê,9 tháng
2019-11-06,Tăng trưởng thực của GDP,Tổng GDP,5.73,%,Tổng cục thống kê,6 tháng
2019-11-06,Tăng trưởng thực của GDP,Tổng GDP,7.08,%,Tổng cục thống kê,6 tháng
2019-11-06,Tăng trưởng thực của GDP,Tổng GDP,6.76,%,Tổng cục thống kê,6 tháng
2019-11-06,Tăng trưởng thực của GDP,Tổng GDP,6.41,%,Tổng cục thống kê,9 tháng
2019-11-06,Tăng trưởng thực của GDP,Tổng GDP,6.98,%,Tổng cục thống kê,9 tháng
2019-11-06,Tăng trưởng thực của GDP,Tổng GDP,6.98,%,Tổng cục thống kê,9 tháng
2019-12-26,Cơ cấu GDP  theo giá hiện tại,Công nghiệp,35.53,%,Tổng cục thống kê,Quý 4
2019-12-26,Cơ cấu GDP  theo giá hiện tại,Dịch vụ,39.42,%,Tổng cục thống kê,Quý 4
2019-12-26,Cơ cấu GDP  theo giá hiện tại,Nông nghiệp,15.45,%,Tổng cục thống kê,Quý 4
2019-12-26,Giá trị GDP (2010),Công nghiệp,448832.0,Tỷ VNĐ,,Quý 4
2019-12-26,Giá trị GDP (2010),Dịch vụ,475814.0,Tỷ VNĐ,,Quý 4
2019-12-26,Giá trị GDP (2010),GDP thực,1214052.0,Tỷ VNĐ,,Quý 4
2019-12-26,Giá trị GDP (2010),Nông nghiệp,157354.0,Tỷ VNĐ,,Quý 4
2019-12-26,Giá trị GDP hiện hành,Công nghiệp,714489.0,Tỷ VNĐ,Tổng cục thống kê,Quý 4
2019-12-26,Giá trị GDP hiện hành,Dịch vụ,792777.0,Tỷ VNĐ,Tổng cục thống kê,Quý 4
2019-12-26,Giá trị GDP hiện hành,GDP danh nghĩa,2010887.0,Tỷ VNĐ,Tổng cục thống kê,Quý 4
2019-12-26,Giá trị GDP hiện hành,Nông nghiệp,310617.0,Tỷ VNĐ,Tổng cục thống kê,Quý 4
2019-12-26,Tăng trưởng thực của GDP,Công nghiệp,7.92,%,Tổng cục thống kê,Quý 4
2019-12-26,Tăng trưởng thực của GDP,Dịch vụ,8.09,%,Tổng cục thống kê,Quý 4
2019-12-26,Tăng trưởng thực của GDP,Nông nghiệp,1.62,%,Tổng cục thống kê,Quý 4
2019-12-26,Tăng trưởng thực của GDP,Tổng GDP,6.97,%,Tổng cục thống kê,Quý 4
2020-03-26,Cơ cấu GDP  theo giá hiện tại,Công nghiệp,35.52,%,Tổng cục thống kê,Quý 1
2020-03-26,Cơ cấu GDP  theo giá hiện tại,Dịch vụ,43.71,%,Tổng cục thống kê,Quý 1
2020-03-26,Cơ cấu GDP  theo giá hiện tại,Nông nghiệp,10.11,%,Tổng cục thống kê,Quý 1
2020-03-26,Giá trị GDP (2010),Công nghiệp,260602.0,Tỷ VNĐ,,Quý 1
2020-03-26,Giá trị GDP (2010),Dịch vụ,285964.0,Tỷ VNĐ,,Quý 1
2020-03-26,Giá trị GDP (2010),GDP thực,707223.0,Tỷ VNĐ,,Quý 1
2020-03-26,Giá trị GDP (2010),Nông nghiệp,72406.0,Tỷ VNĐ,,Quý 1
2020-03-26,Giá trị GDP hiện hành,Công nghiệp,422089.0,Tỷ VNĐ,Tổng cục thống kê,Quý 1
2020-03-26,Giá trị GDP hiện hành,Dịch vụ,519313.0,Tỷ VNĐ,Tổng cục thống kê,Quý 1
2020-03-26,Giá trị GDP hiện hành,GDP danh nghĩa,1188207.0,Tỷ VNĐ,Tổng cục thống kê,Quý 1
2020-03-26,Giá trị GDP hiện hành,Nông nghiệp,120084.0,Tỷ VNĐ,Tổng cục thống kê,Quý 1
2020-03-26,Tăng trưởng thực của GDP,Công nghiệp,5.15,%,Tổng cục thống kê,Quý 1
2020-03-26,Tăng trưởng thực của GDP,Dịch vụ,3.27,%,Tổng cục thống kê,Quý 1
2020-03-26,Tăng trưởng thực của GDP,Nông nghiệp,0.08,%,Tổng cục thống kê,Quý 1
2020-03-26,Tăng trưởng thực của GDP,Tổng GDP,3.82,%,Tổng cục thống kê,Quý 1
2020-06-28,Cơ cấu GDP  theo giá hiện tại,Công nghiệp,33.44,%,Tổng cục thống kê,6 tháng
2020-06-28,Cơ cấu GDP  theo giá hiện tại,Công nghiệp,31.86,%,Tổng cục thống kê,Quý 2
2020-06-28,Cơ cấu GDP  theo giá hiện tại,Dịch vụ,42.04,%,Tổng cục thống kê,6 tháng
2020-06-28,Cơ cấu GDP  theo giá hiện tại,Dịch vụ,40.32,%,Tổng cục thống kê,Quý 2
2020-06-28,Cơ cấu GDP  theo giá hiện tại,Nông nghiệp,14.16,%,Tổng cục thống kê,6 tháng
2020-06-28,Cơ cấu GDP  theo giá hiện tại,Nông nghiệp,17.69,%,Tổng cục thống kê,Quý 2
2020-06-28,Giá trị GDP (2010),Công nghiệp,599315.0,Tỷ VNĐ,,6 tháng
2020-06-28,Giá trị GDP (2010),Công nghiệp,315686.0,Tỷ VNĐ,,Quý 2
2020-06-28,Giá trị GDP (2010),Dịch vụ,188007.0,Tỷ VNĐ,,6 tháng
2020-06-28,Giá trị GDP (2010),Dịch vụ,313378.0,Tỷ VNĐ,,Quý 2
2020-06-28,Giá trị GDP (2010),GDP thực,1594140.0,Tỷ VNĐ,,6 tháng
2020-06-28,Giá trị GDP (2010),GDP thực,887862.0,Tỷ VNĐ,,Quý 2
2020-06-28,Giá trị GDP (2010),Nông nghiệp,575897.0,Tỷ VNĐ,,6 tháng
2020-06-28,Giá trị GDP (2010),Nông nghiệp,158542.0,Tỷ VNĐ,,Quý 2
2020-06-28,Giá trị GDP hiện hành,Công nghiệp,861692.0,Tỷ VNĐ,Tổng cục thống kê,6 tháng
2020-06-28,Giá trị GDP hiện hành,Công nghiệp,440569.0,Tỷ VNĐ,Tổng cục thống kê,Quý 2
2020-06-28,Giá trị GDP hiện hành,Dịch vụ,1083270.0,Tỷ VNĐ,Tổng cục thống kê,6 tháng
2020-06-28,Giá trị GDP hiện hành,Dịch vụ,557662.0,Tỷ VNĐ,Tổng cục thống kê,Quý 2
2020-06-28,Giá trị GDP hiện hành,GDP danh nghĩa,2576480.0,Tỷ VNĐ,Tổng cục thống kê,6 tháng
2020-06-28,Giá trị GDP hiện hành,GDP danh nghĩa,1382995.0,Tỷ VNĐ,Tổng cục thống kê,Quý 2
2020-06-28,Giá trị GDP hiện hành,Nông nghiệp,364732.0,Tỷ VNĐ,Tổng cục thống kê,6 tháng
2020-06-28,Giá trị GDP hiện hành,Nông nghiệp,244699.0,Tỷ VNĐ,Tổng cục thống kê,Quý 2
2020-06-28,Tăng trưởng thực của GDP,Công nghiệp,2.98,%,Tổng cục thống kê,6 tháng
2020-06-28,Tăng trưởng thực của GDP,Công nghiệp,1.38,%,Tổng cục thống kê,Quý 2
2020-06-28,Tăng trưởng thực của GDP,Dịch vụ,0.57,%,Tổng cục thống kê,6 tháng
2020-06-28,Tăng trưởng thực của GDP,Dịch vụ,-1.76,%,Tổng cục thống kê,Quý 2
2020-06-28,Tăng trưởng thực của GDP,Nông nghiệp,1.19,%,Tổng cục thống kê,6 tháng
2020-06-28,Tăng trưởng thực của GDP,Nông nghiệp,1.72,%,Tổng cục thống kê,Quý 2
2020-06-28,Tăng trưởng thực của GDP,Tổng GDP,1.81,%,Tổng cục thống kê,6 tháng
2020-06-28,Tăng trưởng thực của GDP,Tổng GDP,0.36,%,Tổng cục thống kê,Quý 2
2020-09-28,Cơ cấu GDP  theo giá hiện tại,Công nghiệp,33.16,%,Tổng cục thống kê,9 tháng
2020-09-28,Cơ cấu GDP  theo giá hiện tại,Công nghiệp,32.59,%,Tổng cục thống kê,Quý 3
2020-09-28,Cơ cấu GDP  theo giá hiện tại,Dịch vụ,42.73,%,Tổng cục thống kê,9 tháng
2020-09-28,Cơ cấu GDP  theo giá hiện tại,Dịch vụ,43.92,%,Tổng cục thống kê,Quý 3
2020-09-28,Cơ cấu GDP  theo giá hiện tại,Nông nghiệp,14.05,%,Tổng cục thống kê,9 tháng
2020-09-28,Cơ cấu GDP  theo giá hiện tại,Nông nghiệp,13.86,%,Tổng cục thống kê,Quý 3
2020-09-28,Giá trị GDP (2010),Công nghiệp,932041.0,Tỷ VNĐ,,9 tháng
2020-09-28,Giá trị GDP (2010),Công nghiệp,355168.0,Tỷ VNĐ,,Quý 3
2020-09-28,Giá trị GDP (2010),Dịch vụ,991228.0,Tỷ VNĐ,,9 tháng
2020-09-28,Giá trị GDP (2010),Dịch vụ,392479.0,Tỷ VNĐ,,Quý 3
2020-09-28,Giá trị GDP (2010),GDP thực,2578108.0,Tỷ VNĐ,,9 tháng
2020-09-28,Giá trị GDP (2010),GDP thực,983730.0,Tỷ VNĐ,,Quý 3
2020-09-28,Giá trị GDP (2010),Nông nghiệp,359775.0,Tỷ VNĐ,,9 tháng
2020-09-28,Giá trị GDP (2010),Nông nghiệp,128735.0,Tỷ VNĐ,,Quý 3
2020-09-28,Giá trị GDP hiện hành,Công nghiệp,1382675.0,Tỷ VNĐ,Tổng cục thống kê,9 tháng
2020-09-28,Giá trị GDP hiện hành,Công nghiệp,519397.0,Tỷ VNĐ,Tổng cục thống kê,Quý 3
2020-09-28,Giá trị GDP hiện hành,Dịch vụ,1781754.0,Tỷ VNĐ,Tổng cục thống kê,9 tháng
2020-09-28,Giá trị GDP hiện hành,Dịch vụ,699839.0,Tỷ VNĐ,Tổng cục thống kê,Quý 3
2020-09-28,Giá trị GDP hiện hành,GDP danh nghĩa,4169988.0,Tỷ VNĐ,Tổng cục thống kê,9 tháng
2020-09-28,Giá trị GDP hiện hành,GDP danh nghĩa,1593586.0,Tỷ VNĐ,Tổng cục thống kê,Quý 3
2020-09-28,Giá trị GDP hiện hành,Nông nghiệp,585786.0,Tỷ VNĐ,Tổng cục thống kê,9 tháng
2020-09-28,Giá trị GDP hiện hành,Nông nghiệp,220863.0,Tỷ VNĐ,Tổng cục thống kê,Quý 3
2020-09-28,Tăng trưởng thực của GDP,Công nghiệp,3.08,%,Tổng cục thống kê,9 tháng
2020-09-28,Tăng trưởng thực của GDP,Công nghiệp,2.95,%,Tổng cục thống kê,Quý 3
2020-09-28,Tăng trưởng thực của GDP,Dịch vụ,1.37,%,Tổng cục thống kê,9 tháng
2020-09-28,Tăng trưởng thực của GDP,Dịch vụ,2.75,%,Tổng cục thống kê,Quý 3
2020-09-28,Tăng trưởng thực của GDP,Nông nghiệp,1.84,%,Tổng cục thống kê,9 tháng
2020-09-28,Tăng trưởng thực của GDP,Nông nghiệp,2.93,%,Tổng cục thống kê,Quý 3
2020-09-28,Tăng trưởng thực của GDP,Tổng GDP,2.12,%,Tổng cục thống kê,9 tháng
2020-09-28,Tăng trưởng thực của GDP,Tổng GDP,2.62,%,Tổng cục thống kê,Quý 3
2020-12-27,Cơ cấu GDP  theo giá hiện tại,Công nghiệp,34.81,%,Tổng cục thống kê,Quý 4
2020-12-27,Cơ cấu GDP  theo giá hiện tại,Dịch vụ,39.45,%,Tổng cục thống kê,Quý 4
2020-12-27,Cơ cấu GDP  theo giá hiện tại,Nông nghiệp,16.46,%,Tổng cục thống kê,Quý 4
2020-12-27,Giá trị GDP (2010),Công nghiệp,473978.0,Tỷ VNĐ,,Quý 4
2020-12-27,Giá trị GDP (2010),Dịch vụ,496223.0,Tỷ VNĐ,,Quý 4
2020-12-27,Giá trị GDP (2010),GDP thực,1268385.0,Tỷ VNĐ,,Quý 4
2020-12-27,Giá trị GDP (2010),Nông nghiệp,164726.0,Tỷ VNĐ,,Quý 4
2020-12-27,Giá trị GDP hiện hành,Công nghiệp,738351.0,Tỷ VNĐ,Tổng cục thống kê,Quý 4
2020-12-27,Giá trị GDP hiện hành,Dịch vụ,836983.0,Tỷ VNĐ,Tổng cục thống kê,Quý 4
2020-12-27,Giá trị GDP hiện hành,GDP danh nghĩa,2121415.0,Tỷ VNĐ,Tổng cục thống kê,Quý 4
2020-12-27,Giá trị GDP hiện hành,Nông nghiệp,349207.0,Tỷ VNĐ,Tổng cục thống kê,Quý 4
2020-12-27,Tăng trưởng thực của GDP,Công nghiệp,5.6,%,Tổng cục thống kê,Quý 4
2020-12-27,Tăng trưởng thực của GDP,Dịch vụ,4.29,%,Tổng cục thống kê,Quý 4
2020-12-27,Tăng trưởng thực của GDP,Nông nghiệp,4.69,%,Tổng cục thống kê,Quý 4
2020-12-27,Tăng trưởng thực của GDP,Tổng GDP,4.48,%,Tổng cục thống kê,Quý 4
2021-03-28,Cơ cấu GDP  theo giá hiện tại,Công nghiệp,36.45,%,Tổng cục thống kê,Quý 1
2021-03-28,Cơ cấu GDP  theo giá hiện tại,Dịch vụ,42.2,%,Tổng cục thống kê,Quý 1
2021-03-28,Cơ cấu GDP  theo giá hiện tại,Nông nghiệp,11.71,%,Tổng cục thống kê,Quý 1
2021-03-28,Giá trị GDP (2010),Công nghiệp,434967.0,Tỷ VNĐ,,Quý 1
2021-03-28,Giá trị GDP (2010),Dịch vụ,508697.0,Tỷ VNĐ,,Quý 1
2021-03-28,Giá trị GDP (2010),GDP thực,1189216.0,Tỷ VNĐ,,Quý 1
2021-03-28,Giá trị GDP (2010),Nông nghiệp,125510.0,Tỷ VNĐ,,Quý 1
2021-03-28,Giá trị GDP hiện hành,Công nghiệp,698219.0,Tỷ VNĐ,Tổng cục thống kê,Quý 1
2021-03-28,Giá trị GDP hiện hành,Dịch vụ,808319.0,Tỷ VNĐ,Tổng cục thống kê,Quý 1
2021-03-28,Giá trị GDP hiện hành,GDP danh nghĩa,1915368.0,Tỷ VNĐ,Tổng cục thống kê,Quý 1
2021-03-28,Giá trị GDP hiện hành,Nông nghiệp,224182.0,Tỷ VNĐ,Tổng cục thống kê,Quý 1
2021-03-28,Tăng trưởng thực của GDP,Công nghiệp,6.3,%,Tổng cục thống kê,Quý 1
2021-03-28,Tăng trưởng thực của GDP,Dịch vụ,3.34,%,Tổng cục thống kê,Quý 1
2021-03-28,Tăng trưởng thực của GDP,Nông nghiệp,3.16,%,Tổng cục thống kê,Quý 1
2021-03-28,Tăng trưởng thực của GDP,Tổng GDP,4.48,%,Tổng cục thống kê,Quý 1
2021-06-29,Cơ cấu GDP  theo giá hiện tại,Công nghiệp,37.61,%,Tổng cục thống kê,6 tháng
2021-06-29,Cơ cấu GDP  theo giá hiện tại,Công nghiệp,38.41,%,Tổng cục thống kê,Quý 2
2021-06-29,Cơ cấu GDP  theo giá hiện tại,Dịch vụ,41.13,%,Tổng cục thống kê,6 tháng
2021-06-29,Cơ cấu GDP  theo giá hiện tại,Dịch vụ,40.14,%,Tổng cục thống kê,Quý 2
2021-06-29,Cơ cấu GDP  theo giá hiện tại,Nông nghiệp,12.15,%,Tổng cục thống kê,6 tháng
2021-06-29,Cơ cấu GDP  theo giá hiện tại,Nông nghiệp,12.61,%,Tổng cục thống kê,Quý 2
2021-06-29,Giá trị GDP (2010),Công nghiệp,913163.0,Tỷ VNĐ,,6 tháng
2021-06-29,Giá trị GDP (2010),Công nghiệp,478718.0,Tỷ VNĐ,,Quý 2
2021-06-29,Giá trị GDP (2010),Dịch vụ,1027529.0,Tỷ VNĐ,,6 tháng
2021-06-29,Giá trị GDP (2010),Dịch vụ,515232.0,Tỷ VNĐ,,Quý 2
2021-06-29,Giá trị GDP (2010),GDP thực,2443187.0,Tỷ VNĐ,,6 tháng
2021-06-29,Giá trị GDP (2010),GDP thực,1248813.0,Tỷ VNĐ,,Quý 2
2021-06-29,Giá trị GDP (2010),Nông nghiệp,265008.0,Tỷ VNĐ,,6 tháng
2021-06-29,Giá trị GDP (2010),Nông nghiệp,137147.0,Tỷ VNĐ,,Quý 2
2021-06-29,Giá trị GDP hiện hành,Công nghiệp,1505538.0,Tỷ VNĐ,Tổng cục thống kê,6 tháng
2021-06-29,Giá trị GDP hiện hành,Công nghiệp,787580.0,Tỷ VNĐ,Tổng cục thống kê,Quý 2
2021-06-29,Giá trị GDP hiện hành,Dịch vụ,1646611.0,Tỷ VNĐ,Tổng cục thống kê,6 tháng
2021-06-29,Giá trị GDP hiện hành,Dịch vụ,823138.0,Tỷ VNĐ,Tổng cục thống kê,Quý 2
2021-06-29,Giá trị GDP hiện hành,GDP danh nghĩa,4003548.0,Tỷ VNĐ,Tổng cục thống kê,6 tháng
2021-06-29,Giá trị GDP hiện hành,GDP danh nghĩa,2050431.0,Tỷ VNĐ,Tổng cục thống kê,Quý 2
2021-06-29,Giá trị GDP hiện hành,Nông nghiệp,486485.0,Tỷ VNĐ,Tổng cục thống kê,6 tháng
2021-06-29,Giá trị GDP hiện hành,Nông nghiệp,258553.0,Tỷ VNĐ,Tổng cục thống kê,Quý 2
2021-06-29,Tăng trưởng thực của GDP,Công nghiệp,8.36,%,Tổng cục thống kê,6 tháng
2021-06-29,Tăng trưởng thực của GDP,Công nghiệp,10.28,%,Tổng cục thống kê,Quý 2
2021-06-29,Tăng trưởng thực của GDP,Dịch vụ,3.96,%,Tổng cục thống kê,6 tháng
2021-06-29,Tăng trưởng thực của GDP,Dịch vụ,4.3,%,Tổng cục thống kê,Quý 2
2021-06-29,Tăng trưởng thực của GDP,Nông nghiệp,3.82,%,Tổng cục thống kê,6 tháng
2021-06-29,Tăng trưởng thực của GDP,Nông nghiệp,4.11,%,Tổng cục thống kê,Quý 2
2021-06-29,Tăng trưởng thực của GDP,Tổng GDP,5.64,%,Tổng cục thống kê,6 tháng
2021-06-29,Tăng trưởng thực của GDP,Tổng GDP,6.61,%,Tổng cục thống kê,Quý 2
2021-09-28,Cơ cấu GDP  theo giá hiện tại,Công nghiệp,38.03,%,Tổng cục thống kê,9 tháng
2021-09-28,Cơ cấu GDP  theo giá hiện tại,Công nghiệp,38.79,%,Tổng cục thống kê,Quý 3
2021-09-28,Cơ cấu GDP  theo giá hiện tại,Dịch vụ,40.19,%,Tổng cục thống kê,9 tháng
2021-09-28,Cơ cấu GDP  theo giá hiện tại,Dịch vụ,38.23,%,Tổng cục thống kê,Quý 3
2021-09-28,Cơ cấu GDP  theo giá hiện tại,Nông nghiệp,12.79,%,Tổng cục thống kê,9 tháng
2021-09-28,Cơ cấu GDP  theo giá hiện tại,Nông nghiệp,14.23,%,Tổng cục thống kê,Quý 3
2021-09-28,Giá trị GDP (2010),Công nghiệp,1364438.0,Tỷ VNĐ,,9 tháng
2021-09-28,Giá trị GDP (2010),Công nghiệp,450933.0,Tỷ VNĐ,,Quý 3
2021-09-28,Giá trị GDP (2010),Dịch vụ,1508521.0,Tỷ VNĐ,,9 tháng
2021-09-28,Giá trị GDP (2010),Dịch vụ,481371.0,Tỷ VNĐ,,Quý 3
2021-09-28,Giá trị GDP (2010),GDP thực,3643802.0,Tỷ VNĐ,,9 tháng
2021-09-28,Giá trị GDP (2010),GDP thực,1201066.0,Tỷ VNĐ,,Quý 3
2021-09-28,Giá trị GDP (2010),Nông nghiệp,420887.0,Tỷ VNĐ,,9 tháng
2021-09-28,Giá trị GDP (2010),Nông nghiệp,156017.0,Tỷ VNĐ,,Quý 3
2021-09-28,Giá trị GDP hiện hành,Công nghiệp,2276166.0,Tỷ VNĐ,Tổng cục thống kê,9 tháng
2021-09-28,Giá trị GDP hiện hành,Công nghiệp,770816.0,Tỷ VNĐ,Tổng cục thống kê,Quý 3
2021-09-28,Giá trị GDP hiện hành,Dịch vụ,2405609.0,Tỷ VNĐ,Tổng cục thống kê,9 tháng
2021-09-28,Giá trị GDP hiện hành,Dịch vụ,759537.0,Tỷ VNĐ,Tổng cục thống kê,Quý 3
2021-09-28,Giá trị GDP hiện hành,GDP danh nghĩa,5985244.0,Tỷ VNĐ,Tổng cục thống kê,9 tháng
2021-09-28,Giá trị GDP hiện hành,GDP danh nghĩa,1986949.0,Tỷ VNĐ,Tổng cục thống kê,Quý 3
2021-09-28,Giá trị GDP hiện hành,Nông nghiệp,765140.0,Tỷ VNĐ,Tổng cục thống kê,9 tháng
2021-09-28,Giá trị GDP hiện hành,Nông nghiệp,282757.0,Tỷ VNĐ,Tổng cục thống kê,Quý 3
2021-09-28,Tăng trưởng thực của GDP,Công nghiệp,3.57,%,Tổng cục thống kê,9 tháng
2021-09-28,Tăng trưởng thực của GDP,Công nghiệp,-5.02,%,Tổng cục thống kê,Quý 3
2021-09-28,Tăng trưởng thực của GDP,Dịch vụ,0.69,%,Tổng cục thống kê,9 tháng
2021-09-28,Tăng trưởng thực của GDP,Dịch vụ,-9.28,%,Tổng cục thống kê,Quý 3
2021-09-28,Tăng trưởng thực của GDP,Nông nghiệp,2.74,%,Tổng cục thống kê,9 tháng
2021-09-28,Tăng trưởng thực của GDP,Nông nghiệp,1.04,%,Tổng cục thống kê,Quý 3
2021-09-28,Tăng trưởng thực của GDP,Tổng GDP,1.42,%,Tổng cục thống kê,9 tháng
2021-09-28,Tăng trưởng thực của GDP,Tổng GDP,-6.17,%,Tổng cục thống kê,Quý 3
2021-12-29,Cơ cấu GDP  theo giá hiện tại,Công nghiệp,38.3,%,Tổng cục thống kê,Quý 4
2021-12-29,Cơ cấu GDP  theo giá hiện tại,Dịch vụ,41.96,%,Tổng cục thống kê,Quý 4
2021-12-29,Cơ cấu GDP  theo giá hiện tại,Nông nghiệp,11.44,%,Tổng cục thống kê,Quý 4
2021-12-29,Giá trị GDP (2010),Công nghiệp,547529.0,Tỷ VNĐ,,Quý 4
2021-12-29,Giá trị GDP (2010),Dịch vụ,634633.0,Tỷ VNĐ,,Quý 4
2021-12-29,Giá trị GDP (2010),GDP thực,1467490.0,Tỷ VNĐ,,Quý 4
2021-12-29,Giá trị GDP (2010),Nông nghiệp,157234.0,Tỷ VNĐ,,Quý 4
2021-12-29,Giá trị GDP hiện hành,Công nghiệp,918865.0,Tỷ VNĐ,Tổng cục thống kê,Quý 4
2021-12-29,Giá trị GDP hiện hành,Dịch vụ,1006580.0,Tỷ VNĐ,Tổng cục thống kê,Quý 4
2021-12-29,Giá trị GDP hiện hành,GDP danh nghĩa,2399005.0,Tỷ VNĐ,Tổng cục thống kê,Quý 4
2021-12-29,Giá trị GDP hiện hành,Nông nghiệp,274540.0,Tỷ VNĐ,Tổng cục thống kê,Quý 4
2021-12-29,Tăng trưởng thực của GDP,Công nghiệp,5.61,%,Tổng cục thống kê,Quý 4
2021-12-29,Tăng trưởng thực của GDP,Dịch vụ,5.42,%,Tổng cục thống kê,Quý 4
2021-12-29,Tăng trưởng thực của GDP,Nông nghiệp,3.16,%,Tổng cục thống kê,Quý 4
2021-12-29,Tăng trưởng thực của GDP,Tổng GDP,5.22,%,Tổng cục thống kê,Quý 4
2022-03-30,Cơ cấu GDP  theo giá hiện tại,Công nghiệp,37.97,%,Tổng cục thống kê,Quý 1
2022-03-30,Cơ cấu GDP  theo giá hiện tại,Dịch vụ,41.7,%,Tổng cục thống kê,Quý 1
2022-03-30,Cơ cấu GDP  theo giá hiện tại,Nông nghiệp,10.94,%,Tổng cục thống kê,Quý 1
2022-03-30,Giá trị GDP (2010),Công nghiệp,462710.0,Tỷ VNĐ,,Quý 1
2022-03-30,Giá trị GDP (2010),Dịch vụ,535754.0,Tỷ VNĐ,,Quý 1
2022-03-30,Giá trị GDP (2010),GDP thực,1255312.0,Tỷ VNĐ,,Quý 1
2022-03-30,Giá trị GDP (2010),Nông nghiệp,130990.0,Tỷ VNĐ,,Quý 1
2022-03-30,Giá trị GDP hiện hành,Công nghiệp,809861.0,Tỷ VNĐ,Tổng cục thống kê,Quý 1
2022-03-30,Giá trị GDP hiện hành,Dịch vụ,889376.0,Tỷ VNĐ,Tổng cục thống kê,Quý 1
2022-03-30,Giá trị GDP hiện hành,GDP danh nghĩa,2132796.0,Tỷ VNĐ,Tổng cục thống kê,Quý 1
2022-03-30,Giá trị GDP hiện hành,Nông nghiệp,233213.0,Tỷ VNĐ,Tổng cục thống kê,Quý 1
2022-03-30,Tăng trưởng thực của GDP,Công nghiệp,6.38,%,Tổng cục thống kê,Quý 1
2022-03-30,Tăng trưởng thực của GDP,Dịch vụ,4.58,%,Tổng cục thống kê,Quý 1
2022-03-30,Tăng trưởng thực của GDP,Nông nghiệp,2.45,%,Tổng cục thống kê,Quý 1
2022-03-30,Tăng trưởng thực của GDP,Tổng GDP,5.03,%,Tổng cục thống kê,Quý 1
2022-06-28,Cơ cấu GDP  theo giá hiện tại,Công nghiệp,39.3,%,Tổng cục thống kê,6 tháng
2022-06-28,Cơ cấu GDP  theo giá hiện tại,Công nghiệp,40.43,%,Tổng cục thống kê,Quý 2
2022-06-28,Cơ cấu GDP  theo giá hiện tại,Dịch vụ,40.63,%,Tổng cục thống kê,6 tháng
2022-06-28,Cơ cấu GDP  theo giá hiện tại,Dịch vụ,39.68,%,Tổng cục thống kê,Quý 2
2022-06-28,Cơ cấu GDP  theo giá hiện tại,Nông nghiệp,11.05,%,Tổng cục thống kê,6 tháng
2022-06-28,Cơ cấu GDP  theo giá hiện tại,Nông nghiệp,11.18,%,Tổng cục thống kê,Quý 2
2022-06-28,Giá trị GDP (2010),Công nghiệp,984355.0,Tỷ VNĐ,,6 tháng
2022-06-28,Giá trị GDP (2010),Công nghiệp,521538.0,Tỷ VNĐ,,Quý 2
2022-06-28,Giá trị GDP (2010),Dịch vụ,1094980.0,Tỷ VNĐ,,6 tháng
2022-06-28,Giá trị GDP (2010),Dịch vụ,558903.0,Tỷ VNĐ,,Quý 2
2022-06-28,Giá trị GDP (2010),GDP thực,2602382.0,Tỷ VNĐ,,6 tháng
2022-06-28,Giá trị GDP (2010),GDP thực,1346821.0,Tỷ VNĐ,,Quý 2
2022-06-28,Giá trị GDP (2010),Nông nghiệp,272241.0,Tỷ VNĐ,,6 tháng
2022-06-28,Giá trị GDP (2010),Nông nghiệp,141144.0,Tỷ VNĐ,,Quý 2
2022-06-28,Giá trị GDP hiện hành,Công nghiệp,1740713.0,Tỷ VNĐ,Tổng cục thống kê,6 tháng
2022-06-28,Giá trị GDP hiện hành,Công nghiệp,926735.0,Tỷ VNĐ,Tổng cục thống kê,Quý 2
2022-06-28,Giá trị GDP hiện hành,Dịch vụ,1799520.0,Tỷ VNĐ,Tổng cục thống kê,6 tháng
2022-06-28,Giá trị GDP hiện hành,Dịch vụ,909571.0,Tỷ VNĐ,Tổng cục thống kê,Quý 2
2022-06-28,Giá trị GDP hiện hành,GDP danh nghĩa,4429425.0,Tỷ VNĐ,Tổng cục thống kê,6 tháng
2022-06-28,Giá trị GDP hiện hành,GDP danh nghĩa,2292012.0,Tỷ VNĐ,Tổng cục thống kê,Quý 2
2022-06-28,Giá trị GDP hiện hành,Nông nghiệp,489649.0,Tỷ VNĐ,Tổng cục thống kê,6 tháng
2022-06-28,Giá trị GDP hiện hành,Nông nghiệp,256159.0,Tỷ VNĐ,Tổng cục thống kê,Quý 2
2022-06-28,Tăng trưởng thực của GDP,Công nghiệp,7.7,%,Tổng cục thống kê,6 tháng
2022-06-28,Tăng trưởng thực của GDP,Công nghiệp,8.87,%,Tổng cục thống kê,Quý 2
2022-06-28,Tăng trưởng thực của GDP,Dịch vụ,6.6,%,Tổng cục thống kê,6 tháng
2022-06-28,Tăng trưởng thực của GDP,Dịch vụ,8.56,%,Tổng cục thống kê,Quý 2
2022-06-28,Tăng trưởng thực của GDP,Nông nghiệp,2.78,%,Tổng cục thống kê,6 tháng
2022-06-28,Tăng trưởng thực của GDP,Nông nghiệp,3.02,%,Tổng cục thống kê,Quý 2
2022-06-28,Tăng trưởng thực của GDP,Tổng GDP,6.42,%,Tổng cục thống kê,6 tháng
2022-06-28,Tăng trưởng thực của GDP,Tổng GDP,7.72,%,Tổng cục thống kê,Quý 2
2022-09-28,Cơ cấu GDP  theo giá hiện tại,Công nghiệp,38.69,%,Tổng cục thống kê,9 tháng
2022-09-28,Cơ cấu GDP  theo giá hiện tại,Công nghiệp,39.99,%,Tổng cục thống kê,Quý 3
2022-09-28,Cơ cấu GDP  theo giá hiện tại,Dịch vụ,41.31,%,Tổng cục thống kê,9 tháng
2022-09-28,Cơ cấu GDP  theo giá hiện tại,Dịch vụ,40.29,%,Tổng cục thống kê,Quý 3
2022-09-28,Cơ cấu GDP  theo giá hiện tại,Nông nghiệp,11.27,%,Tổng cục thống kê,9 tháng
2022-09-28,Cơ cấu GDP  theo giá hiện tại,Nông nghiệp,11.38,%,Tổng cục thống kê,Quý 3
2022-09-28,Giá trị GDP (2010),Công nghiệp,1477553.0,Tỷ VNĐ,,9 tháng
2022-09-28,Giá trị GDP (2010),Công nghiệp,516567.0,Tỷ VNĐ,,Quý 3
2022-09-28,Giá trị GDP (2010),Dịch vụ,1728262.0,Tỷ VNĐ,,9 tháng
2022-09-28,Giá trị GDP (2010),Dịch vụ,587647.0,Tỷ VNĐ,,Quý 3
2022-09-28,Giá trị GDP (2010),GDP thực,4006189.0,Tỷ VNĐ,,9 tháng
2022-09-28,Giá trị GDP (2010),GDP thực,1376321.0,Tỷ VNĐ,,Quý 3
2022-09-28,Giá trị GDP (2010),Nông nghiệp,424501.0,Tỷ VNĐ,,9 tháng
2022-09-28,Giá trị GDP (2010),Nông nghiệp,148123.0,Tỷ VNĐ,,Quý 3
2022-09-28,Giá trị GDP hiện hành,Công nghiệp,2646169.0,Tỷ VNĐ,Tổng cục thống kê,9 tháng
2022-09-28,Giá trị GDP hiện hành,Công nghiệp,948921.0,Tỷ VNĐ,Tổng cục thống kê,Quý 3
2022-09-28,Giá trị GDP hiện hành,Dịch vụ,2825023.0,Tỷ VNĐ,Tổng cục thống kê,9 tháng
2022-09-28,Giá trị GDP hiện hành,Dịch vụ,956208.0,Tỷ VNĐ,Tổng cục thống kê,Quý 3
2022-09-28,Giá trị GDP hiện hành,GDP danh nghĩa,6839048.0,Tỷ VNĐ,Tổng cục thống kê,9 tháng
2022-09-28,Giá trị GDP hiện hành,GDP danh nghĩa,2373152.0,Tỷ VNĐ,Tổng cục thống kê,Quý 3
2022-09-28,Giá trị GDP hiện hành,Nông nghiệp,770891.0,Tỷ VNĐ,Tổng cục thống kê,9 tháng
2022-09-28,Giá trị GDP hiện hành,Nông nghiệp,270101.0,Tỷ VNĐ,Tổng cục thống kê,Quý 3
2022-09-28,Tăng trưởng thực của GDP,Công nghiệp,9.44,%,Tổng cục thống kê,9 tháng
2022-09-28,Tăng trưởng thực của GDP,Công nghiệp,12.91,%,Tổng cục thống kê,Quý 3
2022-09-28,Tăng trưởng thực của GDP,Dịch vụ,10.57,%,Tổng cục thống kê,9 tháng
2022-09-28,Tăng trưởng thực của GDP,Dịch vụ,18.86,%,Tổng cục thống kê,Quý 3
2022-09-28,Tăng trưởng thực của GDP,Nông nghiệp,2.99,%,Tổng cục thống kê,9 tháng
2022-09-28,Tăng trưởng thực của GDP,Nông nghiệp,3.24,%,Tổng cục thống kê,Quý 3
2022-09-28,Tăng trưởng thực của GDP,Tổng GDP,8.83,%,Tổng cục thống kê,9 tháng
2022-09-28,Tăng trưởng thực của GDP,Tổng GDP,13.67,%,Tổng cục thống kê,Quý 3
2022-12-28,Cơ cấu GDP  theo giá hiện tại,Công nghiệp,37.78,%,Tổng cục thống kê,Quý 4
2022-12-28,Cơ cấu GDP  theo giá hiện tại,Dịch vụ,41.3,%,Tổng cục thống kê,Quý 4
2022-12-28,Cơ cấu GDP  theo giá hiện tại,Nông nghiệp,12.95,%,Tổng cục thống kê,Quý 4
2022-12-28,Giá trị GDP (2010),Công nghiệp,562396.0,Tỷ VNĐ,,Quý 4
2022-12-28,Giá trị GDP (2010),Dịch vụ,666854.0,Tỷ VNĐ,,Quý 4
2022-12-28,Giá trị GDP (2010),GDP thực,1538951.0,Tỷ VNĐ,,Quý 4
2022-12-28,Giá trị GDP (2010),Nông nghiệp,178958.0,Tỷ VNĐ,,Quý 4
2022-12-28,Giá trị GDP hiện hành,Công nghiệp,1008490.0,Tỷ VNĐ,Tổng cục thống kê,Quý 4
2022-12-28,Giá trị GDP hiện hành,Dịch vụ,1102360.0,Tỷ VNĐ,Tổng cục thống kê,Quý 4
2022-12-28,Giá trị GDP hiện hành,GDP danh nghĩa,2669131.0,Tỷ VNĐ,Tổng cục thống kê,Quý 4
2022-12-28,Giá trị GDP hiện hành,Nông nghiệp,345510.0,Tỷ VNĐ,Tổng cục thống kê,Quý 4
2022-12-28,Tăng trưởng thực của GDP,Công nghiệp,4.22,%,Tổng cục thống kê,Quý 4
2022-12-28,Tăng trưởng thực của GDP,Dịch vụ,8.12,%,Tổng cục thống kê,Quý 4
2022-12-28,Tăng trưởng thực của GDP,Nông nghiệp,3.85,%,Tổng cục thống kê,Quý 4
2022-12-28,Tăng trưởng thực của GDP,Tổng GDP,5.92,%,Tổng cục thống kê,Quý 4
2023-03-28,Cơ cấu GDP  theo giá hiện tại,Công nghiệp,35.47,%,Tổng cục thống kê,Quý 1
2023-03-28,Cơ cấu GDP  theo giá hiện tại,Dịch vụ,43.65,%,Tổng cục thống kê,Quý 1
2023-03-28,Cơ cấu GDP  theo giá hiện tại,Nông nghiệp,11.66,%,Tổng cục thống kê,Quý 1
2023-03-28,Giá trị GDP (2010),Công nghiệp,459243.0,Tỷ VNĐ,,Quý 1
2023-03-28,Giá trị GDP (2010),Dịch vụ,590817.0,Tỷ VNĐ,,Quý 1
2023-03-28,Giá trị GDP (2010),GDP thực,1320755.0,Tỷ VNĐ,,Quý 1
2023-03-28,Giá trị GDP (2010),Nông nghiệp,140836.0,Tỷ VNĐ,,Quý 1
2023-03-28,Giá trị GDP hiện hành,Công nghiệp,816185.0,Tỷ VNĐ,Tổng cục thống kê,Quý 1
2023-03-28,Giá trị GDP hiện hành,Dịch vụ,1004341.0,Tỷ VNĐ,Tổng cục thống kê,Quý 1
2023-03-28,Giá trị GDP hiện hành,GDP danh nghĩa,2300882.0,Tỷ VNĐ,Tổng cục thống kê,Quý 1
2023-03-28,Giá trị GDP hiện hành,Nông nghiệp,268224.0,Tỷ VNĐ,Tổng cục thống kê,Quý 1
2023-03-28,Tăng trưởng thực của GDP,Công nghiệp,-0.4,%,Tổng cục thống kê,Quý 1
2023-03-28,Tăng trưởng thực của GDP,Dịch vụ,6.79,%,Tổng cục thống kê,Quý 1
2023-03-28,Tăng trưởng thực của GDP,Nông nghiệp,2.52,%,Tổng cục thống kê,Quý 1
2023-03-28,Tăng trưởng thực của GDP,Tổng GDP,3.32,%,Tổng cục thống kê,Quý 1
2023-06-29,Cơ cấu GDP  theo giá hiện tại,Công nghiệp,36.62,%,Tổng cục thống kê,6 tháng
2023-06-29,Cơ cấu GDP  theo giá hiện tại,Công nghiệp,37.64,%,Tổng cục thống kê,Quý 2
2023-06-29,Cơ cấu GDP  theo giá hiện tại,Dịch vụ,43.25,%,Tổng cục thống kê,6 tháng
2023-06-29,Cơ cấu GDP  theo giá hiện tại,Dịch vụ,42.94,%,Tổng cục thống kê,Quý 2
2023-06-29,Cơ cấu GDP  theo giá hiện tại,Nông nghiệp,11.32,%,Tổng cục thống kê,6 tháng
2023-06-29,Cơ cấu GDP  theo giá hiện tại,Nông nghiệp,10.97,%,Tổng cục thống kê,Quý 2
2023-06-29,Giá trị GDP (2010),Công nghiệp,971854.0,Tỷ VNĐ,,6 tháng
2023-06-29,Giá trị GDP (2010),Công nghiệp,512383.0,Tỷ VNĐ,,Quý 2
2023-06-29,Giá trị GDP (2010),Dịch vụ,1212811.0,Tỷ VNĐ,,6 tháng
2023-06-29,Giá trị GDP (2010),Dịch vụ,623253.0,Tỷ VNĐ,,Quý 2
2023-06-29,Giá trị GDP (2010),GDP thực,2727672.0,Tỷ VNĐ,,6 tháng
2023-06-29,Giá trị GDP (2010),GDP thực,1407473.0,Tỷ VNĐ,,Quý 2
2023-06-29,Giá trị GDP (2010),Nông nghiệp,284870.0,Tỷ VNĐ,,6 tháng
2023-06-29,Giá trị GDP (2010),Nông nghiệp,143521.0,Tỷ VNĐ,,Quý 2
2023-06-29,Giá trị GDP hiện hành,Công nghiệp,1736335.0,Tỷ VNĐ,Tổng cục thống kê,6 tháng
2023-06-29,Giá trị GDP hiện hành,Công nghiệp,920250.0,Tỷ VNĐ,Tổng cục thống kê,Quý 2
2023-06-29,Giá trị GDP hiện hành,Dịch vụ,2050730.0,Tỷ VNĐ,Tổng cục thống kê,6 tháng
2023-06-29,Giá trị GDP hiện hành,Dịch vụ,1049810.0,Tỷ VNĐ,Tổng cục thống kê,Quý 2
2023-06-29,Giá trị GDP hiện hành,GDP danh nghĩa,4741481.0,Tỷ VNĐ,Tổng cục thống kê,6 tháng
2023-06-29,Giá trị GDP hiện hành,GDP danh nghĩa,2444649.0,Tỷ VNĐ,Tổng cục thống kê,Quý 2
2023-06-29,Giá trị GDP hiện hành,Nông nghiệp,536480.0,Tỷ VNĐ,Tổng cục thống kê,6 tháng
2023-06-29,Giá trị GDP hiện hành,Nông nghiệp,268127.0,Tỷ VNĐ,Tổng cục thống kê,Quý 2
2023-06-29,Tăng trưởng thực của GDP,Công nghiệp,1.13,%,Tổng cục thống kê,6 tháng
2023-06-29,Tăng trưởng thực của GDP,Công nghiệp,2.5,%,Tổng cục thống kê,Quý 2
2023-06-29,Tăng trưởng thực của GDP,Dịch vụ,6.33,%,Tổng cục thống kê,6 tháng
2023-06-29,Tăng trưởng thực của GDP,Dịch vụ,6.11,%,Tổng cục thống kê,Quý 2
2023-06-29,Tăng trưởng thực của GDP,Nông nghiệp,3.07,%,Tổng cục thống kê,6 tháng
2023-06-29,Tăng trưởng thực của GDP,Nông nghiệp,3.25,%,Tổng cục thống kê,Quý 2
2023-06-29,Tăng trưởng thực của GDP,Tổng GDP,3.72,%,Tổng cục thống kê,6 tháng
2023-06-29,Tăng trưởng thực của GDP,Tổng GDP,4.14,%,Tổng cục thống kê,Quý 2
2023-10-02,Cơ cấu GDP  theo giá hiện tại,Công nghiệp,37.16,%,Tổng cục thống kê,9 tháng
2023-10-02,Cơ cấu GDP  theo giá hiện tại,Công nghiệp,38.12,%,Tổng cục thống kê,Quý 3
2023-10-02,Cơ cấu GDP  theo giá hiện tại,Dịch vụ,42.72,%,Tổng cục thống kê,9 tháng
2023-10-02,Cơ cấu GDP  theo giá hiện tại,Dịch vụ,41.92,%,Tổng cục thống kê,Quý 3
2023-10-02,Cơ cấu GDP  theo giá hiện tại,Nông nghiệp,11.51,%,Tổng cục thống kê,9 tháng
2023-10-02,Cơ cấu GDP  theo giá hiện tại,Nông nghiệp,11.76,%,Tổng cục thống kê,Quý 3
2023-10-02,Giá trị GDP (2010),Công nghiệp,1509766.0,Tỷ VNĐ,,9 tháng
2023-10-02,Giá trị GDP (2010),Công nghiệp,539924.0,Tỷ VNĐ,,Quý 3
2023-10-02,Giá trị GDP (2010),Dịch vụ,1840018.0,Tỷ VNĐ,,9 tháng
2023-10-02,Giá trị GDP (2010),Dịch vụ,626848.0,Tỷ VNĐ,,Quý 3
2023-10-02,Giá trị GDP (2010),GDP thực,4176814.0,Tỷ VNĐ,,9 tháng
2023-10-02,Giá trị GDP (2010),GDP thực,1450322.0,Tỷ VNĐ,,Quý 3
2023-10-02,Giá trị GDP (2010),Nông nghiệp,439759.0,Tỷ VNĐ,,9 tháng
2023-10-02,Giá trị GDP (2010),Nông nghiệp,154316.0,Tỷ VNĐ,,Quý 3
2023-10-02,Giá trị GDP hiện hành,Công nghiệp,2700557.0,Tỷ VNĐ,Tổng cục thống kê,9 tháng
2023-10-02,Giá trị GDP hiện hành,Công nghiệp,968434.0,Tỷ VNĐ,Tổng cục thống kê,Quý 3
2023-10-02,Giá trị GDP hiện hành,Dịch vụ,3104755.0,Tỷ VNĐ,Tổng cục thống kê,9 tháng
2023-10-02,Giá trị GDP hiện hành,Dịch vụ,1065001.0,Tỷ VNĐ,Tổng cục thống kê,Quý 3
2023-10-02,Giá trị GDP hiện hành,GDP danh nghĩa,7268043.0,Tỷ VNĐ,Tổng cục thống kê,9 tháng
2023-10-02,Giá trị GDP hiện hành,GDP danh nghĩa,2540588.0,Tỷ VNĐ,Tổng cục thống kê,Quý 3
2023-10-02,Giá trị GDP hiện hành,Nông nghiệp,836618.0,Tỷ VNĐ,Tổng cục thống kê,9 tháng
2023-10-02,Giá trị GDP hiện hành,Nông nghiệp,298813.0,Tỷ VNĐ,Tổng cục thống kê,Quý 3
2023-10-02,Tăng trưởng thực của GDP,Công nghiệp,2.41,%,Tổng cục thống kê,9 tháng
2023-10-02,Tăng trưởng thực của GDP,Công nghiệp,5.19,%,Tổng cục thống kê,Quý 3
2023-10-02,Tăng trưởng thực của GDP,Dịch vụ,6.32,%,Tổng cục thống kê,9 tháng
2023-10-02,Tăng trưởng thực của GDP,Dịch vụ,6.24,%,Tổng cục thống kê,Quý 3
2023-10-02,Tăng trưởng thực của GDP,Nông nghiệp,3.43,%,Tổng cục thống kê,9 tháng
2023-10-02,Tăng trưởng thực của GDP,Nông nghiệp,3.72,%,Tổng cục thống kê,Quý 3
2023-10-02,Tăng trưởng thực của GDP,Tổng GDP,4.24,%,Tổng cục thống kê,9 tháng
2023-10-02,Tăng trưởng thực của GDP,Tổng GDP,5.33,%,Tổng cục thống kê,Quý 3
2023-12-28,Cơ cấu GDP  theo giá hiện tại,Công nghiệp,37.46,%,Tổng cục thống kê,Quý 4
2023-12-28,Cơ cấu GDP  theo giá hiện tại,Dịch vụ,42.35,%,Tổng cục thống kê,Quý 4
2023-12-28,Cơ cấu GDP  theo giá hiện tại,Nông nghiệp,12.38,%,Tổng cục thống kê,Quý 4
2023-12-28,Giá trị GDP (2010),Công nghiệp,605975.0,Tỷ VNĐ,,Quý 4
2023-12-28,Giá trị GDP (2010),Dịch vụ,716362.0,Tỷ VNĐ,,Quý 4
2023-12-28,Giá trị GDP (2010),GDP thực,1643902.0,Tỷ VNĐ,,Quý 4
2023-12-28,Giá trị GDP (2010),Nông nghiệp,184545.0,Tỷ VNĐ,,Quý 4
2023-12-28,Giá trị GDP hiện hành,Công nghiệp,1094325.0,Tỷ VNĐ,Tổng cục thống kê,Quý 4
2023-12-28,Giá trị GDP hiện hành,Dịch vụ,1237147.0,Tỷ VNĐ,Tổng cục thống kê,Quý 4
2023-12-28,Giá trị GDP hiện hành,GDP danh nghĩa,2921187.0,Tỷ VNĐ,Tổng cục thống kê,Quý 4
2023-12-28,Giá trị GDP hiện hành,Nông nghiệp,361551.0,Tỷ VNĐ,Tổng cục thống kê,Quý 4
2023-12-28,Tăng trưởng thực của GDP,Công nghiệp,7.35,%,Tổng cục thống kê,Quý 4
2023-12-28,Tăng trưởng thực của GDP,Dịch vụ,7.29,%,Tổng cục thống kê,Quý 4
2023-12-28,Tăng trưởng thực của GDP,Nông nghiệp,4.13,%,Tổng cục thống kê,Quý 4
2023-12-28,Tăng trưởng thực của GDP,Tổng GDP,6.72,%,Tổng cục thống kê,Quý 4
2024-03-28,Cơ cấu GDP  theo giá hiện tại,Công nghiệp,35.73,%,Tổng cục thống kê,Quý 1
2024-03-28,Cơ cấu GDP  theo giá hiện tại,Dịch vụ,43.48,%,Tổng cục thống kê,Quý 1
2024-03-28,Cơ cấu GDP  theo giá hiện tại,Nông nghiệp,11.77,%,Tổng cục thống kê,Quý 1
2024-03-28,Giá trị GDP (2010),Công nghiệp,488208.0,Tỷ VNĐ,,Quý 1
2024-03-28,Giá trị GDP (2010),Dịch vụ,627420.0,Tỷ VNĐ,,Quý 1
2024-03-28,Giá trị GDP (2010),GDP thực,1396660.0,Tỷ VNĐ,,Quý 1
2024-03-28,Giá trị GDP (2010),Nông nghiệp,145600.0,Tỷ VNĐ,,Quý 1
2024-03-28,Giá trị GDP hiện hành,Công nghiệp,897978.0,Tỷ VNĐ,Tổng cục thống kê,Quý 1
2024-03-28,Giá trị GDP hiện hành,Dịch vụ,1092719.0,Tỷ VNĐ,Tổng cục thống kê,Quý 1
2024-03-28,Giá trị GDP hiện hành,GDP danh nghĩa,2513091.0,Tỷ VNĐ,Tổng cục thống kê,Quý 1
2024-03-28,Giá trị GDP hiện hành,Nông nghiệp,295777.0,Tỷ VNĐ,Tổng cục thống kê,Quý 1
2024-03-28,Tăng trưởng thực của GDP,Công nghiệp,6.28,%,Tổng cục thống kê,Quý 1
2024-03-28,Tăng trưởng thực của GDP,Dịch vụ,6.12,%,Tổng cục thống kê,Quý 1
2024-03-28,Tăng trưởng thực của GDP,Nông nghiệp,2.98,%,Tổng cục thống kê,Quý 1
2024-03-28,Tăng trưởng thực của GDP,Tổng GDP,5.66,%,Tổng cục thống kê,Quý 1
2024-06-28,Cơ cấu GDP  theo giá hiện tại,Công nghiệp,37.04,%,Tổng cục thống kê,Quý 2
2024-06-28,Cơ cấu GDP  theo giá hiện tại,Dịch vụ,43.34,%,Tổng cục thống kê,Quý 2
2024-06-28,Cơ cấu GDP  theo giá hiện tại,Nông nghiệp,11.3,%,Tổng cục thống kê,Quý 2
2024-06-28,Giá trị GDP (2010),Công nghiệp,545237.0,Tỷ VNĐ,,Quý 2
2024-06-28,Giá trị GDP (2010),Dịch vụ,677030.0,Tỷ VNĐ,,Quý 2
2024-06-28,Giá trị GDP (2010),GDP thực,1508387.0,Tỷ VNĐ,,Quý 2
2024-06-28,Giá trị GDP (2010),Nông nghiệp,151303.0,Tỷ VNĐ,,Quý 2
2024-06-28,Giá trị GDP hiện hành,Công nghiệp,1010232.0,Tỷ VNĐ,Tổng cục thống kê,Quý 2
2024-06-28,Giá trị GDP hiện hành,Dịch vụ,1182165.0,Tỷ VNĐ,Tổng cục thống kê,Quý 2
2024-06-28,Giá trị GDP hiện hành,GDP danh nghĩa,2727565.0,Tỷ VNĐ,Tổng cục thống kê,Quý 2
2024-06-28,Giá trị GDP hiện hành,Nông nghiệp,308208.0,Tỷ VNĐ,Tổng cục thống kê,Quý 2
2024-06-28,Tăng trưởng thực của GDP,Công nghiệp,8.29,%,Tổng cục thống kê,Quý 2
2024-06-28,Tăng trưởng thực của GDP,Dịch vụ,7.06,%,Tổng cục thống kê,Quý 2
2024-06-28,Tăng trưởng thực của GDP,Nông nghiệp,3.34,%,Tổng cục thống kê,Quý 2
2024-06-28,Tăng trưởng thực của GDP,Tổng GDP,6.93,%,Tổng cục thống kê,Quý 2
2024-09-18,Cơ cấu GDP  theo giá hiện tại,Công nghiệp,36.44,%,Tổng cục thống kê,6 tháng
2024-09-18,Cơ cấu GDP  theo giá hiện tại,Dịch vụ,43.35,%,Tổng cục thống kê,6 tháng
2024-09-18,Cơ cấu GDP  theo giá hiện tại,Nông nghiệp,11.55,%,Tổng cục thống kê,6 tháng
2024-09-18,Giá trị GDP (2010),Công nghiệp,1035164.0,Tỷ VNĐ,,6 tháng
2024-09-18,Giá trị GDP (2010),Dịch vụ,1304919.0,Tỷ VNĐ,,6 tháng
2024-09-18,Giá trị GDP (2010),GDP thực,2907904.0,Tỷ VNĐ,,6 tháng
2024-09-18,Giá trị GDP (2010),Nông nghiệp,297533.0,Tỷ VNĐ,,6 tháng
2024-09-18,Giá trị GDP hiện hành,Công nghiệp,1911511.0,Tỷ VNĐ,Tổng cục thống kê,6 tháng
2024-09-18,Giá trị GDP hiện hành,Dịch vụ,2273774.0,Tỷ VNĐ,Tổng cục thống kê,6 tháng
2024-09-18,Giá trị GDP hiện hành,GDP danh nghĩa,5245201.0,Tỷ VNĐ,Tổng cục thống kê,6 tháng
2024-09-18,Giá trị GDP hiện hành,Nông nghiệp,606019.0,Tỷ VNĐ,Tổng cục thống kê,6 tháng
2024-09-18,Tăng trưởng thực của GDP,Công nghiệp,7.51,%,Tổng cục thống kê,6 tháng
2024-09-18,Tăng trưởng thực của GDP,Dịch vụ,6.64,%,Tổng cục thống kê,6 tháng
2024-09-18,Tăng trưởng thực của GDP,Nông nghiệp,3.38,%,Tổng cục thống kê,6 tháng
2024-09-18,Tăng trưởng thực của GDP,Tổng GDP,6.42,%,Tổng cục thống kê,6 tháng
2024-10-06,Cơ cấu GDP  theo giá hiện tại,Công nghiệp,37.1,%,Tổng cục thống kê,9 tháng
2024-10-06,Cơ cấu GDP  theo giá hiện tại,Công nghiệp,38.67,%,Tổng cục thống kê,Quý 3
2024-10-06,Cơ cấu GDP  theo giá hiện tại,Dịch vụ,42.8,%,Tổng cục thống kê,9 tháng
2024-10-06,Cơ cấu GDP  theo giá hiện tại,Dịch vụ,41.58,%,Tổng cục thống kê,Quý 3
2024-10-06,Cơ cấu GDP  theo giá hiện tại,Nông nghiệp,11.64,%,Tổng cục thống kê,9 tháng
2024-10-06,Cơ cấu GDP  theo giá hiện tại,Nông nghiệp,11.72,%,Tổng cục thống kê,Quý 3
2024-10-06,Giá trị GDP (2010),Công nghiệp,1623915.0,Tỷ VNĐ,,9 tháng
2024-10-06,Giá trị GDP (2010),Công nghiệp,588545.0,Tỷ VNĐ,,Quý 3
2024-10-06,Giá trị GDP (2010),Dịch vụ,1980801.0,Tỷ VNĐ,,9 tháng
2024-10-06,Giá trị GDP (2010),Dịch vụ,680490.0,Tỷ VNĐ,,Quý 3
2024-10-06,Giá trị GDP (2010),GDP thực,4472215.0,Tỷ VNĐ,,9 tháng
2024-10-06,Giá trị GDP (2010),GDP thực,1567923.0,Tỷ VNĐ,,Quý 3
2024-10-06,Giá trị GDP (2010),Nông nghiệp,460392.0,Tỷ VNĐ,,9 tháng
2024-10-06,Giá trị GDP (2010),Nông nghiệp,161767.0,Tỷ VNĐ,,Quý 3
2024-10-06,Giá trị GDP hiện hành,Công nghiệp,3005083.0,Tỷ VNĐ,Tổng cục thống kê,9 tháng
2024-10-06,Giá trị GDP hiện hành,Công nghiệp,1119474.0,Tỷ VNĐ,Tổng cục thống kê,Quý 3
2024-10-06,Giá trị GDP hiện hành,Dịch vụ,3466550.0,Tỷ VNĐ,Tổng cục thống kê,9 tháng
2024-10-06,Giá trị GDP hiện hành,Dịch vụ,1203831.0,Tỷ VNĐ,Tổng cục thống kê,Quý 3
2024-10-06,Giá trị GDP hiện hành,GDP danh nghĩa,8099698.0,Tỷ VNĐ,Tổng cục thống kê,9 tháng
2024-10-06,Giá trị GDP hiện hành,GDP danh nghĩa,2894998.0,Tỷ VNĐ,Tổng cục thống kê,Quý 3
2024-10-06,Giá trị GDP hiện hành,Nông nghiệp,942663.0,Tỷ VNĐ,Tổng cục thống kê,9 tháng
2024-10-06,Giá trị GDP hiện hành,Nông nghiệp,339433.0,Tỷ VNĐ,Tổng cục thống kê,Quý 3
2024-10-06,Tăng trưởng thực của GDP,Công nghiệp,8.19,%,Tổng cục thống kê,9 tháng
2024-10-06,Tăng trưởng thực của GDP,Công nghiệp,8.98,%,Tổng cục thống kê,Quý 3
2024-10-06,Tăng trưởng thực của GDP,Dịch vụ,6.95,%,Tổng cục thống kê,9 tháng
2024-10-06,Tăng trưởng thực của GDP,Dịch vụ,7.52,%,Tổng cục thống kê,Quý 3
2024-10-06,Tăng trưởng thực của GDP,Nông nghiệp,3.2,%,Tổng cục thống kê,9 tháng
2024-10-06,Tăng trưởng thực của GDP,Nông nghiệp,2.95,%,Tổng cục thống kê,Quý 3
2024-10-06,Tăng trưởng thực của GDP,Tổng GDP,6.82,%,Tổng cục thống kê,9 tháng
2024-10-06,Tăng trưởng thực của GDP,Tổng GDP,7.43,%,Tổng cục thống kê,Quý 3
2025-01-05,Cơ cấu GDP  theo giá hiện tại,Công nghiệp,37.76,%,Tổng cục thống kê,Quý 4
2025-01-05,Cơ cấu GDP  theo giá hiện tại,Dịch vụ,42.04,%,Tổng cục thống kê,Quý 4
2025-01-05,Cơ cấu GDP  theo giá hiện tại,Nông nghiệp,12.59,%,Tổng cục thống kê,Quý 4
2025-01-05,Giá trị GDP (2010),Công nghiệp,657896.0,Tỷ VNĐ,,Quý 4
2025-01-05,Giá trị GDP (2010),Dịch vụ,776143.0,Tỷ VNĐ,,Quý 4
2025-01-05,Giá trị GDP (2010),GDP thực,1773652.0,Tỷ VNĐ,,Quý 4
2025-01-05,Giá trị GDP (2010),Nông nghiệp,192991.0,Tỷ VNĐ,,Quý 4
2025-01-05,Giá trị GDP hiện hành,Công nghiệp,1245248.0,Tỷ VNĐ,Tổng cục thống kê,Quý 4
2025-01-05,Giá trị GDP hiện hành,Dịch vụ,1386287.0,Tỷ VNĐ,Tổng cục thống kê,Quý 4
2025-01-05,Giá trị GDP hiện hành,GDP danh nghĩa,3297408.0,Tỷ VNĐ,Tổng cục thống kê,Quý 4
2025-01-05,Giá trị GDP hiện hành,Nông nghiệp,415226.0,Tỷ VNĐ,Tổng cục thống kê,Quý 4
2025-01-05,Tăng trưởng thực của GDP,Công nghiệp,8.35,%,Tổng cục thống kê,Quý 4
2025-01-05,Tăng trưởng thực của GDP,Dịch vụ,8.21,%,Tổng cục thống kê,Quý 4
2025-01-05,Tăng trưởng thực của GDP,Nông nghiệp,2.99,%,Tổng cục thống kê,Quý 4
2025-01-05,Tăng trưởng thực của GDP,Tổng GDP,7.55,%,Tổng cục thống kê,Quý 4
2025-07-06,Cơ cấu GDP  theo giá hiện tại,Công nghiệp,36.31,%,Tổng cục thống kê,Quý 1
2025-07-06,Cơ cấu GDP  theo giá hiện tại,Dịch vụ,43.44,%,Tổng cục thống kê,Quý 1
2025-07-06,Cơ cấu GDP  theo giá hiện tại,Nông nghiệp,11.56,%,Tổng cục thống kê,Quý 1
2025-07-06,Giá trị GDP (2010),Công nghiệp,526666.0,Tỷ VNĐ,,Quý 1
2025-07-06,Giá trị GDP (2010),Dịch vụ,681303.0,Tỷ VNĐ,,Quý 1
2025-07-06,Giá trị GDP (2010),GDP thực,1502807.0,Tỷ VNĐ,,Quý 1
2025-07-06,Giá trị GDP (2010),Nông nghiệp,153001.0,Tỷ VNĐ,,Quý 1
2025-07-06,Giá trị GDP hiện hành,Công nghiệp,1020031.0,Tỷ VNĐ,Tổng cục thống kê,Quý 1
2025-07-06,Giá trị GDP hiện hành,Dịch vụ,1220270.0,Tỷ VNĐ,Tổng cục thống kê,Quý 1
2025-07-06,Giá trị GDP hiện hành,GDP danh nghĩa,2809099.0,Tỷ VNĐ,Tổng cục thống kê,Quý 1
2025-07-06,Giá trị GDP hiện hành,Nông nghiệp,324685.0,Tỷ VNĐ,Tổng cục thống kê,Quý 1
2025-07-06,Tăng trưởng thực của GDP,Công nghiệp,7.42,%,Tổng cục thống kê,Quý 1
2025-07-06,Tăng trưởng thực của GDP,Dịch vụ,7.7,%,Tổng cục thống kê,Quý 1
2025-07-06,Tăng trưởng thực của GDP,Nông nghiệp,3.74,%,Tổng cục thống kê,Quý 1
2025-07-06,Tăng trưởng thực của GDP,Tổng GDP,6.93,%,Tổng cục thống kê,Quý 1
